ISO-10303-21;
HEADER;
FILE_DESCRIPTION (( 'STEP AP214' ),
    '1' );
FILE_NAME ('GRPB032VWQS-RC.STEP',
    '2024-10-10T16:54:52',
    ( '' ),
    ( '' ),
    'SwSTEP 2.0',
    'SolidWorks 2021',
    '' );
FILE_SCHEMA (( 'AUTOMOTIVE_DESIGN' ));
ENDSEC;

DATA;
#1 = FACE_OUTER_BOUND ( 'NONE', #2902, .T. ) ;
#2 = VECTOR ( 'NONE', #2730, 1000.000000000000000 ) ;
#3 = EDGE_LOOP ( 'NONE', ( #145, #868, #2945, #1670 ) ) ;
#4 = CARTESIAN_POINT ( 'NONE',  ( -0.2032000000000000195, 4.495799999999989360, -0.2031999999999994921 ) ) ;
#5 = CONTEXT_DEPENDENT_SHAPE_REPRESENTATION ( #2288, #1238 ) ;
#6 = VECTOR ( 'NONE', #48, 1000.000000000000000 ) ;
#7 = FACE_OUTER_BOUND ( 'NONE', #1214, .T. ) ;
#8 = ORIENTED_EDGE ( 'NONE', *, *, #1600, .T. ) ;
#9 = COLOUR_RGB ( '',1.000000000000000000, 0.8117647058823529438, 0.5019607843137254832 ) ;
#10 = ORIENTED_EDGE ( 'NONE', *, *, #1930, .F. ) ;
#11 = DIRECTION ( 'NONE',  ( 0.000000000000000000, 0.9848077530122086864, 0.1736481776669271948 ) ) ;
#12 = CARTESIAN_POINT ( 'NONE',  ( -0.2032000000000000195, 0.000000000000000000, 0.000000000000000000 ) ) ;
#13 = EDGE_LOOP ( 'NONE', ( #2616, #2608, #397, #1169 ) ) ;
#14 = CARTESIAN_POINT ( 'NONE',  ( 0.4896035955532533346, 1.016000000000000014, -1.473200000000000065 ) ) ;
#15 = ORIENTED_EDGE ( 'NONE', *, *, #157, .T. ) ;
#16 = ADVANCED_FACE ( 'NONE', ( #1276 ), #3232, .T. ) ;
#17 = CARTESIAN_POINT ( 'NONE',  ( -0.7803964044467467387, 1.016000000000000014, -1.473200000000000065 ) ) ;
#18 = DIRECTION ( 'NONE',  ( 1.000000000000000000, 0.000000000000000000, 0.000000000000000000 ) ) ;
#19 = LINE ( 'NONE', #3370, #1920 ) ;
#20 = ORIENTED_EDGE ( 'NONE', *, *, #2631, .T. ) ;
#21 = DIRECTION ( 'NONE',  ( 0.9396926207859085389, 0.000000000000000000, -0.3420201433256684354 ) ) ;
#22 = PLANE ( 'NONE',  #448 ) ;
#23 = EDGE_LOOP ( 'NONE', ( #1849, #20, #2069, #608, #2531, #3129, #2981, #3512, #1938, #2150, #648, #3291 ) ) ;
#24 = VERTEX_POINT ( 'NONE', #3179 ) ;
#25 = DIRECTION ( 'NONE',  ( 0.1710878697460325448, 0.9702875252478150303, 0.1710878697460325448 ) ) ;
#26 = FACE_OUTER_BOUND ( 'NONE', #2892, .T. ) ;
#27 = EDGE_CURVE ( 'NONE', #1945, #2583, #2625, .T. ) ;
#28 = ORIENTED_EDGE ( 'NONE', *, *, #2804, .T. ) ;
#29 = PRESENTATION_LAYER_ASSIGNMENT (  '', '', ( #2433 ) ) ;
#30 = VECTOR ( 'NONE', #428, 1000.000000000000000 ) ;
#31 = EDGE_CURVE ( 'NONE', #2081, #1116, #2919, .T. ) ;
#32 = DIRECTION ( 'NONE',  ( 0.000000000000000000, 0.000000000000000000, -1.000000000000000000 ) ) ;
#33 = VERTEX_POINT ( 'NONE', #2117 ) ;
#34 = DIRECTION ( 'NONE',  ( 0.000000000000000000, 0.000000000000000000, 1.000000000000000000 ) ) ;
#35 = EDGE_CURVE ( 'NONE', #2067, #3034, #119, .T. ) ;
#36 = CARTESIAN_POINT ( 'NONE',  ( 0.6349999999999996758, 1.016000000000000014, 1.473200000000000065 ) ) ;
#37 = EDGE_CURVE ( 'NONE', #63, #3449, #3532, .T. ) ;
#38 = DIRECTION ( 'NONE',  ( -1.000000000000000000, 0.000000000000000000, 0.000000000000000000 ) ) ;
#39 = VECTOR ( 'NONE', #2018, 1000.000000000000000 ) ;
#40 = VECTOR ( 'NONE', #2099, 1000.000000000000000 ) ;
#41 = ORIENTED_EDGE ( 'NONE', *, *, #2032, .T. ) ;
#42 = CARTESIAN_POINT ( 'NONE',  ( 1.473200000000013388, 1.016000000000000014, 0.4318000000000000727 ) ) ;
#43 = CONTEXT_DEPENDENT_SHAPE_REPRESENTATION ( #2705, #982 ) ;
#44 = CARTESIAN_POINT ( 'NONE',  ( -0.2031999999999999640, 2.006599999999999717, -0.4318000000000000171 ) ) ;
#45 = EDGE_LOOP ( 'NONE', ( #2785, #228, #498, #1146 ) ) ;
#46 = VERTEX_POINT ( 'NONE', #3520 ) ;
#47 = EDGE_CURVE ( 'NONE', #1035, #2813, #3199, .T. ) ;
#48 = DIRECTION ( 'NONE',  ( -0.3420201433256684354, -0.000000000000000000, -0.9396926207859085389 ) ) ;
#49 = CARTESIAN_POINT ( 'NONE',  ( -1.473199999999986742, 1.016000000000000014, 0.8382000000000000561 ) ) ;
#50 = ORIENTED_EDGE ( 'NONE', *, *, #3591, .F. ) ;
#51 = CARTESIAN_POINT ( 'NONE',  ( -0.2032000000000000195, 0.9143999999999996575, -0.7111999999999992772 ) ) ;
#52 = CARTESIAN_POINT ( 'NONE',  ( -1.473199999999986742, 1.016000000000000014, 0.4317999999999999616 ) ) ;
#53 = EDGE_LOOP ( 'NONE', ( #2185, #1749, #1091, #573 ) ) ;
#54 = DIRECTION ( 'NONE',  ( -1.000000000000000000, 0.000000000000000000, -2.667820306312756325E-16 ) ) ;
#55 = VECTOR ( 'NONE', #3211, 1000.000000000000000 ) ;
#56 = DIRECTION ( 'NONE',  ( 0.000000000000000000, -1.000000000000000000, 5.965312486165171658E-17 ) ) ;
#57 = DIRECTION ( 'NONE',  ( 2.667820306312756325E-16, 0.000000000000000000, -1.000000000000000000 ) ) ;
#58 = EDGE_LOOP ( 'NONE', ( #2109, #1349, #1497, #2745 ) ) ;
#59 = DIRECTION ( 'NONE',  ( 0.000000000000000000, 1.000000000000000000, 0.000000000000000000 ) ) ;
#60 = EDGE_CURVE ( 'NONE', #1805, #1785, #1502, .T. ) ;
#61 = VECTOR ( 'NONE', #209, 1000.000000000000000 ) ;
#62 = DIRECTION ( 'NONE',  ( 0.000000000000000000, 0.000000000000000000, -1.000000000000000000 ) ) ;
#63 = VERTEX_POINT ( 'NONE', #1519 ) ;
#64 = ORIENTED_EDGE ( 'NONE', *, *, #3469, .F. ) ;
#65 = CIRCLE ( 'NONE', #880, 0.7873999999999996557 ) ;
#66 = CARTESIAN_POINT ( 'NONE',  ( -0.8636000000000005894, 1.016000000000000014, -1.701800000000000201 ) ) ;
#67 =( NAMED_UNIT ( * ) PLANE_ANGLE_UNIT ( ) SI_UNIT ( $, .RADIAN. ) );
#68 = VECTOR ( 'NONE', #2672, 1000.000000000000000 ) ;
#69 = EDGE_CURVE ( 'NONE', #375, #2568, #2368, .T. ) ;
#70 = DIRECTION ( 'NONE',  ( 0.000000000000000000, 1.000000000000000000, 0.000000000000000000 ) ) ;
#71 = VECTOR ( 'NONE', #2647, 1000.000000000000000 ) ;
#72 = ORIENTED_EDGE ( 'NONE', *, *, #519, .F. ) ;
#73 = DIRECTION ( 'NONE',  ( 0.000000000000000000, -1.000000000000000000, 0.000000000000000000 ) ) ;
#74 = VECTOR ( 'NONE', #3384, 1000.000000000000000 ) ;
#75 = CARTESIAN_POINT ( 'NONE',  ( -0.4064000000000003165, 1.016000000000000014, 1.701799999999999979 ) ) ;
#76 = PRODUCT_DEFINITION_SHAPE ( 'NONE', 'NONE',  #1712 ) ;
#77 = EDGE_LOOP ( 'NONE', ( #3235, #1319, #1408, #1750 ) ) ;
#78 = DIRECTION ( 'NONE',  ( -1.000000000000000000, -0.000000000000000000, 2.982748236756051040E-15 ) ) ;
#79 = DIRECTION ( 'NONE',  ( -0.000000000000000000, -1.000000000000000000, 0.000000000000000000 ) ) ;
#80 = FACE_OUTER_BOUND ( 'NONE', #3320, .T. ) ;
#81 = ADVANCED_FACE ( 'NONE', ( #2350 ), #3498, .T. ) ;
#82 = ORIENTED_EDGE ( 'NONE', *, *, #2418, .F. ) ;
#83 = FACE_OUTER_BOUND ( 'NONE', #886, .T. ) ;
#84 = ORIENTED_EDGE ( 'NONE', *, *, #3022, .T. ) ;
#85 = ORIENTED_EDGE ( 'NONE', *, *, #2487, .F. ) ;
#86 = PLANE ( 'NONE',  #3283 ) ;
#87 = CARTESIAN_POINT ( 'NONE',  ( -0.2032000000000000195, 0.4063999999999998169, -0.7111999999999993882 ) ) ;
#88 = MANIFOLD_SOLID_BREP ( 'Chamfer2', #1696 ) ;
#89 = EDGE_CURVE ( 'NONE', #46, #1106, #2936, .T. ) ;
#90 = ORIENTED_EDGE ( 'NONE', *, *, #2305, .F. ) ;
#91 = LINE ( 'NONE', #2890, #1518 ) ;
#92 = EDGE_CURVE ( 'NONE', #533, #2051, #1243, .T. ) ;
#93 = DIRECTION ( 'NONE',  ( 0.000000000000000000, 1.000000000000000000, 0.000000000000000000 ) ) ;
#94 = ORIENTED_EDGE ( 'NONE', *, *, #894, .T. ) ;
#95 = DIRECTION ( 'NONE',  ( 0.000000000000000000, 0.000000000000000000, 1.000000000000000000 ) ) ;
#96 = ADVANCED_FACE ( 'NONE', ( #429 ), #2385, .F. ) ;
#97 = COLOUR_RGB ( '',0.7921568627450980005, 0.8196078431372548767, 0.9333333333333333481 ) ;
#98 = DIRECTION ( 'NONE',  ( -0.000000000000000000, 5.965312486165171658E-17, 1.000000000000000000 ) ) ;
#99 = LINE ( 'NONE', #3409, #1438 ) ;
#100 = ORIENTED_EDGE ( 'NONE', *, *, #2599, .T. ) ;
#101 = LINE ( 'NONE', #1424, #1289 ) ;
#102 = DIRECTION ( 'NONE',  ( 0.000000000000000000, 0.000000000000000000, 1.000000000000000000 ) ) ;
#103 = VERTEX_POINT ( 'NONE', #2441 ) ;
#104 = ORIENTED_EDGE ( 'NONE', *, *, #35, .T. ) ;
#105 = LINE ( 'NONE', #2836, #3513 ) ;
#106 = CARTESIAN_POINT ( 'NONE',  ( 0.2032000000000000195, 0.9143999999999996575, -0.7111999999999992772 ) ) ;
#107 = VECTOR ( 'NONE', #3387, 1000.000000000000000 ) ;
#108 = ORIENTED_EDGE ( 'NONE', *, *, #2377, .F. ) ;
#109 = EDGE_CURVE ( 'NONE', #3087, #1415, #2990, .T. ) ;
#110 = DIRECTION ( 'NONE',  ( -1.000000000000000000, -0.000000000000000000, -0.000000000000000000 ) ) ;
#111 = EDGE_CURVE ( 'NONE', #1583, #942, #486, .T. ) ;
#112 =( GEOMETRIC_REPRESENTATION_CONTEXT ( 3 ) GLOBAL_UNCERTAINTY_ASSIGNED_CONTEXT ( ( #274 ) ) GLOBAL_UNIT_ASSIGNED_CONTEXT ( ( #490, #3303, #230 ) ) REPRESENTATION_CONTEXT ( 'NONE', 'WORKASPACE' ) );
#113 = CARTESIAN_POINT ( 'NONE',  ( 0.7803964044467456285, 2.006599999999999717, -1.473199999999999621 ) ) ;
#114 = ORIENTED_EDGE ( 'NONE', *, *, #3313, .T. ) ;
#115 = PLANE ( 'NONE',  #183 ) ;
#116 = EDGE_CURVE ( 'NONE', #390, #2832, #2480, .T. ) ;
#117 = CARTESIAN_POINT ( 'NONE',  ( 0.8635999999999997012, 1.016000000000000014, 1.701799999999999979 ) ) ;
#118 = FACE_OUTER_BOUND ( 'NONE', #53, .T. ) ;
#119 = LINE ( 'NONE', #957, #126 ) ;
#120 = CARTESIAN_POINT ( 'NONE',  ( 0.2032000000000000195, 5.455953259963518337E-18, -0.5841999999999992754 ) ) ;
#121 = MANIFOLD_SOLID_BREP ( 'Boss-Extrude1', #526 ) ;
#122 = ORIENTED_EDGE ( 'NONE', *, *, #3009, .F. ) ;
#123 = LINE ( 'NONE', #2339, #1403 ) ;
#124 = VECTOR ( 'NONE', #1350, 1000.000000000000000 ) ;
#125 = DIRECTION ( 'NONE',  ( 1.000000000000000000, 0.000000000000000000, 0.000000000000000000 ) ) ;
#126 = VECTOR ( 'NONE', #1013, 1000.000000000000000 ) ;
#127 = VECTOR ( 'NONE', #1868, 1000.000000000000000 ) ;
#128 = VERTEX_POINT ( 'NONE', #1893 ) ;
#129 = CARTESIAN_POINT ( 'NONE',  ( -0.1043520643147468063, 0.3075520643147467426, -1.970294500558515738 ) ) ;
#130 = VECTOR ( 'NONE', #2598, 999.9999999999998863 ) ;
#131 = DIRECTION ( 'NONE',  ( 1.000000000000000000, -0.000000000000000000, 0.000000000000000000 ) ) ;
#132 = ORIENTED_EDGE ( 'NONE', *, *, #728, .T. ) ;
#133 = VECTOR ( 'NONE', #1367, 1000.000000000000000 ) ;
#134 = DIRECTION ( 'NONE',  ( 0.000000000000000000, -1.000000000000000000, 2.386124994466068663E-16 ) ) ;
#135 = FACE_OUTER_BOUND ( 'NONE', #2628, .T. ) ;
#136 = PLANE ( 'NONE',  #2899 ) ;
#137 = EDGE_CURVE ( 'NONE', #3390, #3057, #3007, .T. ) ;
#138 = DIRECTION ( 'NONE',  ( -1.000000000000000000, 0.000000000000000000, 0.000000000000000000 ) ) ;
#139 = FACE_OUTER_BOUND ( 'NONE', #520, .T. ) ;
#140 = SURFACE_STYLE_USAGE ( .BOTH. , #628 ) ;
#141 = ORIENTED_EDGE ( 'NONE', *, *, #3206, .T. ) ;
#142 = PLANE ( 'NONE',  #1764 ) ;
#143 =( NAMED_UNIT ( * ) PLANE_ANGLE_UNIT ( ) SI_UNIT ( $, .RADIAN. ) );
#144 = CARTESIAN_POINT ( 'NONE',  ( 0.2032000000000000195, 5.455953259963518337E-18, -0.5841999999999992754 ) ) ;
#145 = ORIENTED_EDGE ( 'NONE', *, *, #1723, .F. ) ;
#146 = FACE_OUTER_BOUND ( 'NONE', #2954, .T. ) ;
#147 = PRODUCT_DEFINITION ( 'UNKNOWN', '', #1442, #1362 ) ;
#148 = ORIENTED_EDGE ( 'NONE', *, *, #116, .T. ) ;
#149 = PLANE ( 'NONE',  #361 ) ;
#150 = ADVANCED_FACE ( 'NONE', ( #552 ), #1311, .T. ) ;
#151 = DIRECTION ( 'NONE',  ( 2.667820306312756325E-16, 0.000000000000000000, -1.000000000000000000 ) ) ;
#152 = DIRECTION ( 'NONE',  ( 1.000000000000000000, 0.000000000000000000, 0.000000000000000000 ) ) ;
#153 = DIRECTION ( 'NONE',  ( 0.000000000000000000, 0.000000000000000000, -1.000000000000000000 ) ) ;
#154 = LINE ( 'NONE', #992, #538 ) ;
#155 = ADVANCED_FACE ( 'NONE', ( #2455 ), #1042, .T. ) ;
#156 = AXIS2_PLACEMENT_3D ( 'NONE', #1615, #1317, #2393 ) ;
#157 = EDGE_CURVE ( 'NONE', #533, #2940, #2205, .T. ) ;
#158 = CARTESIAN_POINT ( 'NONE',  ( -0.1136258938000996449, 5.003799999999999137, 0.1136258938000992841 ) ) ;
#159 = VECTOR ( 'NONE', #516, 1000.000000000000000 ) ;
#160 = VERTEX_POINT ( 'NONE', #2562 ) ;
#161 = LINE ( 'NONE', #2446, #1286 ) ;
#162 = CARTESIAN_POINT ( 'NONE',  ( -0.1102999435389515615, 5.022662401249001540, 0.1102999435389511868 ) ) ;
#163 = VECTOR ( 'NONE', #410, 1000.000000000000000 ) ;
#164 = EDGE_LOOP ( 'NONE', ( #3169, #3590, #1566, #2692 ) ) ;
#165 = DIRECTION ( 'NONE',  ( 0.000000000000000000, 1.000000000000000000, 0.000000000000000000 ) ) ;
#166 = VECTOR ( 'NONE', #2776, 1000.000000000000000 ) ;
#167 = ORIENTED_EDGE ( 'NONE', *, *, #2068, .T. ) ;
#168 = CARTESIAN_POINT ( 'NONE',  ( 0.2032000000000000195, 0.4063999999999995394, 9.912705577010316921E-17 ) ) ;
#169 = DIRECTION ( 'NONE',  ( 0.000000000000000000, -1.797268416884384047E-16, 1.000000000000000000 ) ) ;
#170 = VECTOR ( 'NONE', #1490, 1000.000000000000000 ) ;
#171 = CARTESIAN_POINT ( 'NONE',  ( 0.1972521207757954032, 4.529532099309503401, -0.1972521207757948480 ) ) ;
#172 = ORIENTED_EDGE ( 'NONE', *, *, #1944, .F. ) ;
#173 = DIRECTION ( 'NONE',  ( 0.000000000000000000, -0.000000000000000000, -1.000000000000000000 ) ) ;
#174 = DIRECTION ( 'NONE',  ( 0.000000000000000000, 0.000000000000000000, 1.000000000000000000 ) ) ;
#175 = CARTESIAN_POINT ( 'NONE',  ( -0.1136258938000995339, 0.08957410619990048561, -1.917699999999999072 ) ) ;
#176 = ORIENTED_EDGE ( 'NONE', *, *, #568, .T. ) ;
#177 = CARTESIAN_POINT ( 'NONE',  ( -1.066799999999999971, 1.016000000000000014, -0.4318000000000000171 ) ) ;
#178 = DIRECTION ( 'NONE',  ( 0.000000000000000000, 0.000000000000000000, 1.000000000000000000 ) ) ;
#179 = CARTESIAN_POINT ( 'NONE',  ( -0.8636000000000005894, 1.016000000000000014, -1.701800000000000201 ) ) ;
#180 = EDGE_LOOP ( 'NONE', ( #3583, #1867, #1687, #2984 ) ) ;
#181 = CARTESIAN_POINT ( 'NONE',  ( 1.904999999999999583, 1.016000000000000014, -1.473200000000000509 ) ) ;
#182 = ADVANCED_FACE ( 'NONE', ( #806 ), #224, .F. ) ;
#183 = AXIS2_PLACEMENT_3D ( 'NONE', #391, #2622, #1223 ) ;
#184 = ORIENTED_EDGE ( 'NONE', *, *, #60, .F. ) ;
#185 = VECTOR ( 'NONE', #2432, 1000.000000000000000 ) ;
#186 = PLANE ( 'NONE',  #2465 ) ;
#187 = UNCERTAINTY_MEASURE_WITH_UNIT (LENGTH_MEASURE( 1.000000000000000082E-05 ), #1627, 'distance_accuracy_value', 'NONE');
#188 = CARTESIAN_POINT ( 'NONE',  ( -0.4064000000000003165, 1.016000000000000014, -1.701799999999999757 ) ) ;
#189 = PLANE ( 'NONE',  #1429 ) ;
#190 = AXIS2_PLACEMENT_3D ( 'NONE', #3339, #3012, #2230 ) ;
#191 = ORIENTED_EDGE ( 'NONE', *, *, #2909, .T. ) ;
#192 = PRESENTATION_STYLE_ASSIGNMENT (( #1257 ) ) ;
#193 = FILL_AREA_STYLE_COLOUR ( '', #9 ) ;
#194 = ADVANCED_FACE ( 'NONE', ( #3564 ), #3265, .T. ) ;
#195 = DIRECTION ( 'NONE',  ( 0.9396926207859085389, 0.000000000000000000, -0.3420201433256684354 ) ) ;
#196 = VERTEX_POINT ( 'NONE', #2772 ) ;
#197 = PLANE ( 'NONE',  #766 ) ;
#198 = DIRECTION ( 'NONE',  ( -1.000000000000000000, 0.000000000000000000, 6.982962677686266711E-15 ) ) ;
#199 = CARTESIAN_POINT ( 'NONE',  ( 1.473200000000013388, 1.016000000000000014, 0.8382000000000000561 ) ) ;
#200 = ORIENTED_EDGE ( 'NONE', *, *, #3190, .T. ) ;
#201 = DIRECTION ( 'NONE',  ( -1.000000000000000000, -0.000000000000000000, -0.000000000000000000 ) ) ;
#202 = EDGE_CURVE ( 'NONE', #2245, #2454, #3029, .T. ) ;
#203 = EDGE_LOOP ( 'NONE', ( #3508, #1876, #223, #834 ) ) ;
#204 = EDGE_CURVE ( 'NONE', #3490, #2832, #2752, .T. ) ;
#205 = PLANE ( 'NONE',  #881 ) ;
#206 = CARTESIAN_POINT ( 'NONE',  ( -0.2031999999999999640, 1.016000000000000014, -0.4318000000000000171 ) ) ;
#207 = VERTEX_POINT ( 'NONE', #1365 ) ;
#208 = EDGE_CURVE ( 'NONE', #1339, #2067, #402, .T. ) ;
#209 = DIRECTION ( 'NONE',  ( 0.000000000000000000, 1.000000000000000000, 0.000000000000000000 ) ) ;
#210 = DIRECTION ( 'NONE',  ( 0.000000000000000000, 1.000000000000000000, -7.714179198976647231E-17 ) ) ;
#211 = LINE ( 'NONE', #3499, #1318 ) ;
#212 = AXIS2_PLACEMENT_3D ( 'NONE', #1124, #1105, #3356 ) ;
#213 = ORIENTED_EDGE ( 'NONE', *, *, #3192, .F. ) ;
#214 = FACE_OUTER_BOUND ( 'NONE', #338, .T. ) ;
#215 = CARTESIAN_POINT ( 'NONE',  ( 1.905000000000000471, 1.016000000000000014, 1.473199999999999843 ) ) ;
#216 = ORIENTED_EDGE ( 'NONE', *, *, #3389, .T. ) ;
#217 = CARTESIAN_POINT ( 'NONE',  ( 0.4064000000000012047, 1.016000000000000014, 1.701799999999999757 ) ) ;
#218 = ORIENTED_EDGE ( 'NONE', *, *, #3014, .F. ) ;
#219 = AXIS2_PLACEMENT_3D ( 'NONE', #3537, #1071, #2174 ) ;
#220 = DIRECTION ( 'NONE',  ( -1.000000000000000000, -0.000000000000000000, -0.000000000000000000 ) ) ;
#221 = CIRCLE ( 'NONE', #3207, 0.3810000000000000608 ) ;
#222 = LINE ( 'NONE', #1099, #271 ) ;
#223 = ORIENTED_EDGE ( 'NONE', *, *, #629, .F. ) ;
#224 = PLANE ( 'NONE',  #3109 ) ;
#225 = FACE_OUTER_BOUND ( 'NONE', #2315, .T. ) ;
#226 = EDGE_CURVE ( 'NONE', #1177, #2167, #2360, .T. ) ;
#227 = LINE ( 'NONE', #2697, #680 ) ;
#228 = ORIENTED_EDGE ( 'NONE', *, *, #2375, .F. ) ;
#229 = CARTESIAN_POINT ( 'NONE',  ( -1.676400000000000334, 2.006599999999999717, 1.701799999999999979 ) ) ;
#230 =( NAMED_UNIT ( * ) SI_UNIT ( $, .STERADIAN. ) SOLID_ANGLE_UNIT ( ) );
#231 = CARTESIAN_POINT ( 'NONE',  ( 0.2032000000000000195, 0.4063999999999998725, -1.409699999999988185 ) ) ;
#232 = ORIENTED_EDGE ( 'NONE', *, *, #1307, .F. ) ;
#233 = ORIENTED_EDGE ( 'NONE', *, *, #2748, .T. ) ;
#234 = DIRECTION ( 'NONE',  ( 0.000000000000000000, 0.000000000000000000, 1.000000000000000000 ) ) ;
#235 = VECTOR ( 'NONE', #1924, 1000.000000000000000 ) ;
#236 = CLOSED_SHELL ( 'NONE', ( #2750, #3276, #2019, #2780, #81, #2371, #2744, #1946, #1098, #1831, #1366, #2195, #962, #686, #3186, #1181, #2671, #1990, #711, #1435, #1089, #1698 ) ) ;
#237 = ORIENTED_EDGE ( 'NONE', *, *, #783, .T. ) ;
#238 = FACE_BOUND ( 'NONE', #3462, .T. ) ;
#239 = CIRCLE ( 'NONE', #415, 0.5080000000000000071 ) ;
#240 = PLANE ( 'NONE',  #2033 ) ;
#241 = ORIENTED_EDGE ( 'NONE', *, *, #716, .T. ) ;
#242 = VECTOR ( 'NONE', #3527, 1000.000000000000114 ) ;
#243 = VECTOR ( 'NONE', #1890, 1000.000000000000000 ) ;
#244 = PRESENTATION_STYLE_ASSIGNMENT (( #2188 ) ) ;
#245 = EDGE_CURVE ( 'NONE', #1035, #996, #2323, .T. ) ;
#246 = LINE ( 'NONE', #3319, #2913 ) ;
#247 = ORIENTED_EDGE ( 'NONE', *, *, #3389, .F. ) ;
#248 = VECTOR ( 'NONE', #917, 1000.000000000000000 ) ;
#249 = FACE_OUTER_BOUND ( 'NONE', #664, .T. ) ;
#250 = EDGE_CURVE ( 'NONE', #3254, #1218, #91, .T. ) ;
#251 =( LENGTH_UNIT ( ) NAMED_UNIT ( * ) SI_UNIT ( .MILLI., .METRE. ) );
#252 = EDGE_LOOP ( 'NONE', ( #1464, #1186, #1975, #104 ) ) ;
#253 = ORIENTED_EDGE ( 'NONE', *, *, #2900, .T. ) ;
#254 = DIRECTION ( 'NONE',  ( -0.000000000000000000, -0.000000000000000000, 1.000000000000000000 ) ) ;
#255 = FACE_OUTER_BOUND ( 'NONE', #508, .T. ) ;
#256 = ORIENTED_EDGE ( 'NONE', *, *, #1552, .T. ) ;
#257 = FACE_OUTER_BOUND ( 'NONE', #2266, .T. ) ;
#258 = VERTEX_POINT ( 'NONE', #948 ) ;
#259 = DIRECTION ( 'NONE',  ( 1.000000000000000000, 0.000000000000000000, -2.667820306312751888E-16 ) ) ;
#260 = EDGE_CURVE ( 'NONE', #2341, #2142, #239, .T. ) ;
#261 = EDGE_CURVE ( 'NONE', #1576, #3145, #387, .T. ) ;
#262 = CARTESIAN_POINT ( 'NONE',  ( 0.4064000000000012047, 2.006599999999999717, 1.701799999999999757 ) ) ;
#263 = EDGE_CURVE ( 'NONE', #533, #1945, #929, .T. ) ;
#264 = ORIENTED_EDGE ( 'NONE', *, *, #2511, .T. ) ;
#265 = CARTESIAN_POINT ( 'NONE',  ( 0.2032000000000000195, 0.000000000000000000, -1.917699999999999072 ) ) ;
#266 = DIRECTION ( 'NONE',  ( -0.000000000000000000, -0.000000000000000000, 1.000000000000000000 ) ) ;
#267 = VERTEX_POINT ( 'NONE', #3170 ) ;
#268 = LINE ( 'NONE', #1078, #2237 ) ;
#269 = AXIS2_PLACEMENT_3D ( 'NONE', #2986, #1309, #3314 ) ;
#270 = CARTESIAN_POINT ( 'NONE',  ( -0.2031999999999999640, 2.006599999999999717, -0.8382000000000000561 ) ) ;
#271 = VECTOR ( 'NONE', #2240, 1000.000000000000000 ) ;
#272 = PRESENTATION_LAYER_ASSIGNMENT (  '', '', ( #914 ) ) ;
#273 = ORIENTED_EDGE ( 'NONE', *, *, #3097, .F. ) ;
#274 = UNCERTAINTY_MEASURE_WITH_UNIT (LENGTH_MEASURE( 1.000000000000000082E-05 ), #490, 'distance_accuracy_value', 'NONE');
#275 = CARTESIAN_POINT ( 'NONE',  ( 0.2032000000000000195, 0.4063999999999995394, 9.912705577010316921E-17 ) ) ;
#276 = ORIENTED_EDGE ( 'NONE', *, *, #3048, .F. ) ;
#277 = AXIS2_PLACEMENT_3D ( 'NONE', #2811, #296, #2792 ) ;
#278 =( NAMED_UNIT ( * ) SI_UNIT ( $, .STERADIAN. ) SOLID_ANGLE_UNIT ( ) );
#279 = DIRECTION ( 'NONE',  ( 0.1710878697460324616, 0.1710878697460324616, 0.9702875252478150303 ) ) ;
#280 = SURFACE_STYLE_FILL_AREA ( #500 ) ;
#281 = VECTOR ( 'NONE', #1780, 1000.000000000000000 ) ;
#282 = CARTESIAN_POINT ( 'NONE',  ( 1.066800000000000193, 1.016000000000000014, -0.8382000000000000561 ) ) ;
#283 = ORIENTED_EDGE ( 'NONE', *, *, #3144, .T. ) ;
#284 = CARTESIAN_POINT ( 'NONE',  ( 0.4063999999999994839, 1.016000000000000014, -1.701800000000000201 ) ) ;
#285 = DIRECTION ( 'NONE',  ( 0.000000000000000000, 0.000000000000000000, 1.000000000000000000 ) ) ;
#286 = ORIENTED_EDGE ( 'NONE', *, *, #291, .T. ) ;
#287 = ORIENTED_EDGE ( 'NONE', *, *, #2635, .F. ) ;
#288 = CARTESIAN_POINT ( 'NONE',  ( 0.6350000000000003419, 1.016000000000000014, 1.473199999999999843 ) ) ;
#289 = EDGE_CURVE ( 'NONE', #1991, #1972, #2088, .T. ) ;
#290 = DIRECTION ( 'NONE',  ( -1.000000000000000000, -0.000000000000000000, 2.982748236756051040E-15 ) ) ;
#291 = EDGE_CURVE ( 'NONE', #3111, #2495, #3135, .T. ) ;
#292 = ORIENTED_EDGE ( 'NONE', *, *, #1168, .F. ) ;
#293 = FACE_OUTER_BOUND ( 'NONE', #2322, .T. ) ;
#294 = VERTEX_POINT ( 'NONE', #2056 ) ;
#295 = DIRECTION ( 'NONE',  ( 0.000000000000000000, 1.000000000000000000, 0.000000000000000000 ) ) ;
#296 = DIRECTION ( 'NONE',  ( -1.000000000000000000, 0.000000000000000000, -0.000000000000000000 ) ) ;
#297 = DIRECTION ( 'NONE',  ( 1.000000000000000000, 0.000000000000000000, -2.667820306312751888E-16 ) ) ;
#298 = VECTOR ( 'NONE', #1775, 1000.000000000000000 ) ;
#299 = VECTOR ( 'NONE', #3559, 1000.000000000000000 ) ;
#300 = ORIENTED_EDGE ( 'NONE', *, *, #2927, .F. ) ;
#301 = DIRECTION ( 'NONE',  ( -1.000000000000000000, 0.000000000000000000, 0.000000000000000000 ) ) ;
#302 = ITEM_DEFINED_TRANSFORMATION ( 'NONE', 'NONE', #1976,  #2087 ) ;
#303 = VECTOR ( 'NONE', #1141, 1000.000000000000000 ) ;
#304 = EDGE_CURVE ( 'NONE', #904, #3539, #2307, .T. ) ;
#305 = FACE_OUTER_BOUND ( 'NONE', #1900, .T. ) ;
#306 = ORIENTED_EDGE ( 'NONE', *, *, #2298, .T. ) ;
#307 = VERTEX_POINT ( 'NONE', #1236 ) ;
#308 = CARTESIAN_POINT ( 'NONE',  ( 0.2032000000000000195, 0.7873999999999997668, -0.5841999999999992754 ) ) ;
#309 = EDGE_CURVE ( 'NONE', #2039, #267, #654, .T. ) ;
#310 = CARTESIAN_POINT ( 'NONE',  ( -1.473200000000000065, 1.016000000000000014, -0.4318000000000000171 ) ) ;
#311 = ORIENTED_EDGE ( 'NONE', *, *, #568, .F. ) ;
#312 = ADVANCED_FACE ( 'NONE', ( #2854 ), #419, .F. ) ;
#313 = DIRECTION ( 'NONE',  ( 0.000000000000000000, 0.000000000000000000, -1.000000000000000000 ) ) ;
#314 = ORIENTED_EDGE ( 'NONE', *, *, #1817, .F. ) ;
#315 = EDGE_CURVE ( 'NONE', #3156, #3371, #1755, .T. ) ;
#316 = CARTESIAN_POINT ( 'NONE',  ( -0.2032000000000000195, 0.000000000000000000, 0.000000000000000000 ) ) ;
#317 = CARTESIAN_POINT ( 'NONE',  ( -1.759603595553254518, 2.006599999999999717, -1.473199999999999621 ) ) ;
#318 = DIRECTION ( 'NONE',  ( -1.000000000000000000, -0.000000000000000000, -2.667820306312756325E-16 ) ) ;
#319 = ADVANCED_FACE ( 'NONE', ( #350 ), #1809, .T. ) ;
#320 = ORIENTED_EDGE ( 'NONE', *, *, #2974, .T. ) ;
#321 = CYLINDRICAL_SURFACE ( 'NONE', #2352, 0.9143999999999996575 ) ;
#322 = DIRECTION ( 'NONE',  ( 0.000000000000000000, 1.000000000000000000, -5.965312486165171658E-17 ) ) ;
#323 = ORIENTED_EDGE ( 'NONE', *, *, #2804, .F. ) ;
#324 = ORIENTED_EDGE ( 'NONE', *, *, #1559, .T. ) ;
#325 = DIRECTION ( 'NONE',  ( -1.000000000000000000, 0.000000000000000000, 2.982748236756050646E-15 ) ) ;
#326 = LINE ( 'NONE', #2252, #3209 ) ;
#327 = ADVANCED_BREP_SHAPE_REPRESENTATION ( '', ( #1294, #88, #2087 ), #441 ) ;
#328 = ORIENTED_EDGE ( 'NONE', *, *, #2097, .F. ) ;
#329 = PRESENTATION_LAYER_ASSIGNMENT (  '', '', ( #3482 ) ) ;
#330 = AXIS2_PLACEMENT_3D ( 'NONE', #945, #1249, #2034 ) ;
#331 = CARTESIAN_POINT ( 'NONE',  ( -1.759603595553254518, 1.016000000000000014, -1.473199999999999621 ) ) ;
#332 = ORIENTED_EDGE ( 'NONE', *, *, #1466, .F. ) ;
#333 = EDGE_CURVE ( 'NONE', #1411, #2782, #3459, .T. ) ;
#334 = LINE ( 'NONE', #2565, #714 ) ;
#335 = CARTESIAN_POINT ( 'NONE',  ( -1.676400000000000334, 2.006599999999999717, 1.701799999999999979 ) ) ;
#336 = DIRECTION ( 'NONE',  ( -1.000000000000000000, 0.000000000000000000, 2.982748236756050646E-15 ) ) ;
#337 = VECTOR ( 'NONE', #2571, 999.9999999999998863 ) ;
#338 = EDGE_LOOP ( 'NONE', ( #1453, #2281, #300, #2328 ) ) ;
#339 = EDGE_CURVE ( 'NONE', #33, #1116, #670, .T. ) ;
#340 = CARTESIAN_POINT ( 'NONE',  ( 0.2032000000000000195, 0.4064000000000000390, -1.409699999999988185 ) ) ;
#341 = AXIS2_PLACEMENT_3D ( 'NONE', #2023, #57, #3159 ) ;
#342 = CARTESIAN_POINT ( 'NONE',  ( 1.473200000000013388, 2.006599999999999717, 0.8382000000000000561 ) ) ;
#343 = ORIENTED_EDGE ( 'NONE', *, *, #3009, .T. ) ;
#344 = VECTOR ( 'NONE', #581, 1000.000000000000000 ) ;
#345 = ORIENTED_EDGE ( 'NONE', *, *, #2900, .F. ) ;
#346 = FACE_OUTER_BOUND ( 'NONE', #3609, .T. ) ;
#347 = CARTESIAN_POINT ( 'NONE',  ( 0.8635999999999997012, 1.016000000000000014, -1.701799999999999757 ) ) ;
#348 = ORIENTED_EDGE ( 'NONE', *, *, #381, .F. ) ;
#349 = APPLICATION_CONTEXT ( 'automotive_design' ) ;
#350 = FACE_OUTER_BOUND ( 'NONE', #1302, .T. ) ;
#351 = EDGE_CURVE ( 'NONE', #2024, #103, #2579, .T. ) ;
#352 = DIRECTION ( 'NONE',  ( -1.000000000000000000, 0.000000000000000000, 5.335640612625515608E-16 ) ) ;
#353 = ORIENTED_EDGE ( 'NONE', *, *, #92, .F. ) ;
#354 = PLANE ( 'NONE',  #3233 ) ;
#355 = LINE ( 'NONE', #659, #2989 ) ;
#356 = LINE ( 'NONE', #2624, #281 ) ;
#357 = ORIENTED_EDGE ( 'NONE', *, *, #3267, .F. ) ;
#358 = FACE_OUTER_BOUND ( 'NONE', #2556, .T. ) ;
#359 = EDGE_CURVE ( 'NONE', #2354, #3333, #373, .T. ) ;
#360 = VECTOR ( 'NONE', #3154, 1000.000000000000000 ) ;
#361 = AXIS2_PLACEMENT_3D ( 'NONE', #2381, #3495, #731 ) ;
#362 = LINE ( 'NONE', #1505, #2089 ) ;
#363 = ORIENTED_EDGE ( 'NONE', *, *, #891, .F. ) ;
#364 = ORIENTED_EDGE ( 'NONE', *, *, #2477, .F. ) ;
#365 = EDGE_CURVE ( 'NONE', #1506, #1339, #2602, .T. ) ;
#366 = VECTOR ( 'NONE', #1047, 1000.000000000000000 ) ;
#367 = LINE ( 'NONE', #650, #3226 ) ;
#368 = SHAPE_REPRESENTATION_RELATIONSHIP ( 'NONE' , 'NONE' ,  #812, #2250 ) ;
#369 = LINE ( 'NONE', #927, #633 ) ;
#370 = VECTOR ( 'NONE', #831, 1000.000000000000000 ) ;
#371 = ORIENTED_EDGE ( 'NONE', *, *, #315, .F. ) ;
#372 = EDGE_CURVE ( 'NONE', #2881, #1062, #2181, .T. ) ;
#373 = LINE ( 'NONE', #2017, #1114 ) ;
#374 = DIRECTION ( 'NONE',  ( -1.000000000000000000, 0.000000000000000000, 0.000000000000000000 ) ) ;
#375 = VERTEX_POINT ( 'NONE', #493 ) ;
#376 = DIRECTION ( 'NONE',  ( 1.000000000000000000, -0.000000000000000000, 0.000000000000000000 ) ) ;
#377 = DIRECTION ( 'NONE',  ( 4.474122355134082477E-15, 0.000000000000000000, -1.000000000000000000 ) ) ;
#378 = CARTESIAN_POINT ( 'NONE',  ( 0.4896035955532533346, 1.016000000000000014, -1.473200000000000065 ) ) ;
#379 = VERTEX_POINT ( 'NONE', #509 ) ;
#380 = DIRECTION ( 'NONE',  ( -1.000000000000000000, -0.000000000000000000, -0.000000000000000000 ) ) ;
#381 = EDGE_CURVE ( 'NONE', #595, #635, #3293, .T. ) ;
#382 = ORIENTED_EDGE ( 'NONE', *, *, #871, .F. ) ;
#383 = ORIENTED_EDGE ( 'NONE', *, *, #425, .T. ) ;
#384 = CARTESIAN_POINT ( 'NONE',  ( 0.8635999999999997012, 1.016000000000000014, 1.701799999999999979 ) ) ;
#385 = CARTESIAN_POINT ( 'NONE',  ( -1.066799999999986648, 1.016000000000000014, 0.4318000000000000727 ) ) ;
#386 = VERTEX_POINT ( 'NONE', #1846 ) ;
#387 = LINE ( 'NONE', #3205, #2460 ) ;
#388 = EDGE_CURVE ( 'NONE', #758, #3587, #2395, .T. ) ;
#389 = CARTESIAN_POINT ( 'NONE',  ( 0.2032000000000001583, 2.006599999999999717, -0.4318000000000000171 ) ) ;
#390 = VERTEX_POINT ( 'NONE', #217 ) ;
#391 = CARTESIAN_POINT ( 'NONE',  ( 1.066800000000000193, 1.016000000000000014, -0.8382000000000000561 ) ) ;
#392 = DIRECTION ( 'NONE',  ( 0.000000000000000000, 1.000000000000000000, -2.314253759692994169E-16 ) ) ;
#393 = FACE_OUTER_BOUND ( 'NONE', #2999, .T. ) ;
#394 = VECTOR ( 'NONE', #2291, 1000.000000000000000 ) ;
#395 = DIRECTION ( 'NONE',  ( 0.000000000000000000, 0.000000000000000000, -1.000000000000000000 ) ) ;
#396 = PLANE ( 'NONE',  #1345 ) ;
#397 = ORIENTED_EDGE ( 'NONE', *, *, #2707, .F. ) ;
#398 = CARTESIAN_POINT ( 'NONE',  ( 1.066800000000013293, 1.016000000000000014, 0.8382000000000000561 ) ) ;
#399 = SHAPE_REPRESENTATION_RELATIONSHIP ( 'NONE' , 'NONE' ,  #2314, #327 ) ;
#400 = CARTESIAN_POINT ( 'NONE',  ( 0.6350000000000003419, 1.016000000000000014, 1.473199999999999843 ) ) ;
#401 = ORIENTED_EDGE ( 'NONE', *, *, #640, .F. ) ;
#402 = LINE ( 'NONE', #3401, #360 ) ;
#403 = EDGE_CURVE ( 'NONE', #386, #1506, #3509, .T. ) ;
#404 = CARTESIAN_POINT ( 'NONE',  ( -1.473200000000000065, 2.006599999999999717, -0.8382000000000000561 ) ) ;
#405 = VERTEX_POINT ( 'NONE', #181 ) ;
#406 = CARTESIAN_POINT ( 'NONE',  ( 0.4063999999999994839, 1.016000000000000014, -1.701800000000000201 ) ) ;
#407 = PLANE ( 'NONE',  #1754 ) ;
#408 = LINE ( 'NONE', #2644, #107 ) ;
#409 = CARTESIAN_POINT ( 'NONE',  ( 0.7803964044467456285, 1.016000000000000014, -1.473199999999999621 ) ) ;
#410 = DIRECTION ( 'NONE',  ( 1.000000000000000000, -0.000000000000000000, -0.000000000000000000 ) ) ;
#411 = ORIENTED_EDGE ( 'NONE', *, *, #1927, .F. ) ;
#412 = DIRECTION ( 'NONE',  ( 0.000000000000000000, 0.000000000000000000, -1.000000000000000000 ) ) ;
#413 =( NAMED_UNIT ( * ) SI_UNIT ( $, .STERADIAN. ) SOLID_ANGLE_UNIT ( ) );
#414 = EDGE_CURVE ( 'NONE', #3333, #1304, #2163, .T. ) ;
#415 = AXIS2_PLACEMENT_3D ( 'NONE', #51, #616, #911 ) ;
#416 = CARTESIAN_POINT ( 'NONE',  ( -0.7803964044467449623, 1.016000000000000014, 1.473199999999999843 ) ) ;
#417 = AXIS2_PLACEMENT_3D ( 'NONE', #1268, #2415, #2982 ) ;
#418 = VERTEX_POINT ( 'NONE', #1251 ) ;
#419 = PLANE ( 'NONE',  #2693 ) ;
#420 = EDGE_CURVE ( 'NONE', #2051, #635, #780, .T. ) ;
#421 = VECTOR ( 'NONE', #2898, 1000.000000000000000 ) ;
#422 = ADVANCED_FACE ( 'NONE', ( #3239 ), #2961, .T. ) ;
#423 = ORIENTED_EDGE ( 'NONE', *, *, #202, .F. ) ;
#424 = VECTOR ( 'NONE', #932, 1000.000000000000000 ) ;
#425 = EDGE_CURVE ( 'NONE', #1056, #3587, #3541, .T. ) ;
#426 = LINE ( 'NONE', #2915, #1761 ) ;
#427 = CARTESIAN_POINT ( 'NONE',  ( 0.2032000000000000195, 2.006599999999999717, -0.2031999999999992979 ) ) ;
#428 = DIRECTION ( 'NONE',  ( 1.000000000000000000, 0.000000000000000000, 0.000000000000000000 ) ) ;
#429 = FACE_OUTER_BOUND ( 'NONE', #866, .T. ) ;
#430 = PRODUCT_DEFINITION_SHAPE ( 'NONE', 'NONE',  #3616 ) ;
#431 = LINE ( 'NONE', #738, #1947 ) ;
#432 = CARTESIAN_POINT ( 'NONE',  ( 0.7803964044467456285, 2.006599999999999717, -1.473199999999999621 ) ) ;
#433 = ORIENTED_EDGE ( 'NONE', *, *, #2494, .F. ) ;
#434 = DIRECTION ( 'NONE',  ( 0.9396926207859085389, 0.000000000000000000, -0.3420201433256684354 ) ) ;
#435 =( NAMED_UNIT ( * ) SI_UNIT ( $, .STERADIAN. ) SOLID_ANGLE_UNIT ( ) );
#436 = DIRECTION ( 'NONE',  ( 0.000000000000000000, 1.000000000000000000, 0.000000000000000000 ) ) ;
#437 = ORIENTED_EDGE ( 'NONE', *, *, #3505, .T. ) ;
#438 = DIRECTION ( 'NONE',  ( 0.1710878697460325171, -0.9702875252478149193, 0.1710878697460324893 ) ) ;
#439 = VERTEX_POINT ( 'NONE', #1288 ) ;
#440 = DIRECTION ( 'NONE',  ( 1.000000000000000000, -0.000000000000000000, 0.000000000000000000 ) ) ;
#441 =( GEOMETRIC_REPRESENTATION_CONTEXT ( 3 ) GLOBAL_UNCERTAINTY_ASSIGNED_CONTEXT ( ( #1306 ) ) GLOBAL_UNIT_ASSIGNED_CONTEXT ( ( #1788, #2374, #2356 ) ) REPRESENTATION_CONTEXT ( 'NONE', 'WORKASPACE' ) );
#442 = CARTESIAN_POINT ( 'NONE',  ( -0.2032000000000000195, 4.495799999999989360, 0.000000000000000000 ) ) ;
#443 = ADVANCED_FACE ( 'NONE', ( #3557 ), #1053, .T. ) ;
#444 = FACE_OUTER_BOUND ( 'NONE', #3414, .T. ) ;
#445 = ORIENTED_EDGE ( 'NONE', *, *, #2701, .T. ) ;
#446 = CARTESIAN_POINT ( 'NONE',  ( 1.759603595553253408, 1.016000000000000014, -1.473200000000000065 ) ) ;
#447 = PLANE ( 'NONE',  #1708 ) ;
#448 = AXIS2_PLACEMENT_3D ( 'NONE', #1676, #2816, #2504 ) ;
#449 = CARTESIAN_POINT ( 'NONE',  ( 0.2032000000000000195, -1.567521213232048210E-17, -0.2031999999999991313 ) ) ;
#450 = AXIS2_PLACEMENT_3D ( 'NONE', #1363, #3082, #3599 ) ;
#451 = EDGE_CURVE ( 'NONE', #2001, #1860, #3491, .T. ) ;
#452 = ORIENTED_EDGE ( 'NONE', *, *, #1719, .F. ) ;
#453 = CARTESIAN_POINT ( 'NONE',  ( -0.4064000000000003165, 1.016000000000000014, -1.701799999999999757 ) ) ;
#454 = DIRECTION ( 'NONE',  ( 1.000000000000000000, 0.000000000000000000, 0.000000000000000000 ) ) ;
#455 = AXIS2_PLACEMENT_3D ( 'NONE', #1237, #131, #3351 ) ;
#456 = FACE_OUTER_BOUND ( 'NONE', #2723, .T. ) ;
#457 = ORIENTED_EDGE ( 'NONE', *, *, #3136, .T. ) ;
#458 = CARTESIAN_POINT ( 'NONE',  ( 0.2032000000000000195, 5.003799999999999137, 0.1136258938000992841 ) ) ;
#459 = VECTOR ( 'NONE', #2227, 1000.000000000000000 ) ;
#460 = ORIENTED_EDGE ( 'NONE', *, *, #3500, .T. ) ;
#461 = CARTESIAN_POINT ( 'NONE',  ( 0.2032000000000000195, 0.4064000000000000390, -1.409699999999988185 ) ) ;
#462 = PRODUCT_RELATED_PRODUCT_CATEGORY ( 'part', '', ( #951 ) ) ;
#463 = PLANE ( 'NONE',  #2452 ) ;
#464 = DIRECTION ( 'NONE',  ( -1.000000000000000000, -0.000000000000000000, -0.000000000000000000 ) ) ;
#465 = EDGE_LOOP ( 'NONE', ( #1050, #3103, #3418, #1020, #1996, #1310, #85, #1295 ) ) ;
#466 = CARTESIAN_POINT ( 'NONE',  ( 1.759603595553255406, 1.016000000000000014, 1.473199999999999843 ) ) ;
#467 = CARTESIAN_POINT ( 'NONE',  ( 0.6350000000000003419, 1.016000000000000014, 1.473199999999999843 ) ) ;
#468 = CARTESIAN_POINT ( 'NONE',  ( 1.676399999999999446, 1.016000000000000014, -1.701800000000000201 ) ) ;
#469 = ORIENTED_EDGE ( 'NONE', *, *, #3267, .T. ) ;
#470 = DIRECTION ( 'NONE',  ( 0.000000000000000000, -0.000000000000000000, 1.000000000000000000 ) ) ;
#471 =( NAMED_UNIT ( * ) SI_UNIT ( $, .STERADIAN. ) SOLID_ANGLE_UNIT ( ) );
#472 = EDGE_CURVE ( 'NONE', #2182, #1012, #985, .T. ) ;
#473 = DIRECTION ( 'NONE',  ( 0.000000000000000000, 0.000000000000000000, 1.000000000000000000 ) ) ;
#474 = EDGE_CURVE ( 'NONE', #1533, #1625, #1887, .T. ) ;
#475 = ORIENTED_EDGE ( 'NONE', *, *, #912, .F. ) ;
#476 = LINE ( 'NONE', #1303, #185 ) ;
#477 = VECTOR ( 'NONE', #1548, 1000.000000000000000 ) ;
#478 = EDGE_CURVE ( 'NONE', #2112, #2719, #2127, .T. ) ;
#479 = ORIENTED_EDGE ( 'NONE', *, *, #2682, .T. ) ;
#480 = VECTOR ( 'NONE', #1378, 1000.000000000000000 ) ;
#481 = FACE_BOUND ( 'NONE', #851, .T. ) ;
#482 = UNCERTAINTY_MEASURE_WITH_UNIT (LENGTH_MEASURE( 1.000000000000000082E-05 ), #3584, 'distance_accuracy_value', 'NONE');
#483 = LINE ( 'NONE', #1570, #910 ) ;
#484 = AXIS2_PLACEMENT_3D ( 'NONE', #284, #21, #1389 ) ;
#485 = ORIENTED_EDGE ( 'NONE', *, *, #532, .T. ) ;
#486 = LINE ( 'NONE', #2168, #1636 ) ;
#487 = DIRECTION ( 'NONE',  ( 0.000000000000000000, -1.000000000000000000, 7.714179198976647231E-17 ) ) ;
#488 = ORIENTED_EDGE ( 'NONE', *, *, #315, .T. ) ;
#489 = LINE ( 'NONE', #2103, #366 ) ;
#490 =( LENGTH_UNIT ( ) NAMED_UNIT ( * ) SI_UNIT ( .MILLI., .METRE. ) );
#491 = DIRECTION ( 'NONE',  ( -1.000000000000000000, 0.000000000000000000, 0.000000000000000000 ) ) ;
#492 = VERTEX_POINT ( 'NONE', #763 ) ;
#493 = CARTESIAN_POINT ( 'NONE',  ( -1.066799999999999971, 2.006599999999999717, -0.4318000000000000171 ) ) ;
#494 = ORIENTED_EDGE ( 'NONE', *, *, #682, .T. ) ;
#495 = ADVANCED_FACE ( 'NONE', ( #146 ), #2379, .F. ) ;
#496 = DIRECTION ( 'NONE',  ( 0.000000000000000000, 1.000000000000000000, 0.000000000000000000 ) ) ;
#497 = DIRECTION ( 'NONE',  ( 0.000000000000000000, 0.000000000000000000, -1.000000000000000000 ) ) ;
#498 = ORIENTED_EDGE ( 'NONE', *, *, #512, .T. ) ;
#499 = CARTESIAN_POINT ( 'NONE',  ( -0.4064000000000003165, 1.016000000000000014, -1.701799999999999757 ) ) ;
#500 = FILL_AREA_STYLE ('',( #1666 ) ) ;
#501 = DIRECTION ( 'NONE',  ( 0.000000000000000000, -1.000000000000000000, 0.000000000000000000 ) ) ;
#502 = AXIS2_PLACEMENT_3D ( 'NONE', #1918, #522, #491 ) ;
#503 = ORIENTED_EDGE ( 'NONE', *, *, #359, .T. ) ;
#504 = FACE_OUTER_BOUND ( 'NONE', #252, .T. ) ;
#505 = DIRECTION ( 'NONE',  ( -6.982962677686266711E-15, 0.000000000000000000, -1.000000000000000000 ) ) ;
#506 = CARTESIAN_POINT ( 'NONE',  ( 0.2032000000000000195, 0.4063999999999999835, -1.409699999999988185 ) ) ;
#507 = VERTEX_POINT ( 'NONE', #2143 ) ;
#508 = EDGE_LOOP ( 'NONE', ( #232, #860, #2229, #3380 ) ) ;
#509 = CARTESIAN_POINT ( 'NONE',  ( -0.2032000000000000195, 0.9143999999999996575, 0.2032000000000004913 ) ) ;
#510 = ORIENTED_EDGE ( 'NONE', *, *, #3305, .T. ) ;
#511 = FACE_OUTER_BOUND ( 'NONE', #2572, .T. ) ;
#512 = EDGE_CURVE ( 'NONE', #507, #3453, #2944, .T. ) ;
#513 = DIRECTION ( 'NONE',  ( 0.000000000000000000, -9.339187367277517199E-18, 1.000000000000000000 ) ) ;
#514 = EDGE_LOOP ( 'NONE', ( #1770, #1122, #191, #2410 ) ) ;
#515 =( NAMED_UNIT ( * ) PLANE_ANGLE_UNIT ( ) SI_UNIT ( $, .RADIAN. ) );
#516 = DIRECTION ( 'NONE',  ( -0.3420201433256684354, -0.000000000000000000, -0.9396926207859085389 ) ) ;
#517 = DIRECTION ( 'NONE',  ( 0.000000000000000000, 0.000000000000000000, 1.000000000000000000 ) ) ;
#518 = DIRECTION ( 'NONE',  ( 0.000000000000000000, 1.797268416884384047E-16, -1.000000000000000000 ) ) ;
#519 = EDGE_CURVE ( 'NONE', #2849, #2719, #476, .T. ) ;
#520 = EDGE_LOOP ( 'NONE', ( #2655, #1598, #2591, #1129 ) ) ;
#521 = CARTESIAN_POINT ( 'NONE',  ( 0.2032000000000000195, 0.4063999999999998725, -1.409699999999988185 ) ) ;
#522 = DIRECTION ( 'NONE',  ( 0.000000000000000000, -0.1736481776669272503, 0.9848077530122086864 ) ) ;
#523 = VERTEX_POINT ( 'NONE', #854 ) ;
#524 = DIRECTION ( 'NONE',  ( 0.1710878697460324616, -0.1710878697460324616, 0.9702875252478150303 ) ) ;
#525 = CARTESIAN_POINT ( 'NONE',  ( -0.8635999999999989241, 1.016000000000000014, 1.701799999999999757 ) ) ;
#526 = CLOSED_SHELL ( 'NONE', ( #906, #798, #1668, #3127, #2128, #2914, #150, #3594, #319, #2253, #2855, #3447, #1727, #677, #312, #1077, #1515, #1541, #949, #2408, #1068, #3000 ) ) ;
#527 = EDGE_CURVE ( 'NONE', #418, #46, #1658, .T. ) ;
#528 = EDGE_LOOP ( 'NONE', ( #2858, #1961, #1358, #2257 ) ) ;
#529 = APPLICATION_CONTEXT ( 'automotive_design' ) ;
#530 = EDGE_CURVE ( 'NONE', #3174, #2889, #2783, .T. ) ;
#531 = DIRECTION ( 'NONE',  ( -2.982748236756050646E-15, 0.000000000000000000, -1.000000000000000000 ) ) ;
#532 = EDGE_CURVE ( 'NONE', #3474, #3390, #3114, .T. ) ;
#533 = VERTEX_POINT ( 'NONE', #1679 ) ;
#534 = VECTOR ( 'NONE', #3236, 1000.000000000000000 ) ;
#535 = AXIS2_PLACEMENT_3D ( 'NONE', #1813, #151, #3479 ) ;
#536 = CARTESIAN_POINT ( 'NONE',  ( 0.6349999999999996758, 1.016000000000000014, 1.473200000000000065 ) ) ;
#537 = DIRECTION ( 'NONE',  ( 1.000000000000000000, 0.000000000000000000, 0.000000000000000000 ) ) ;
#538 = VECTOR ( 'NONE', #1258, 1000.000000000000000 ) ;
#539 = CARTESIAN_POINT ( 'NONE',  ( 0.4896035955532533346, 1.016000000000000014, -1.473200000000000065 ) ) ;
#540 = EDGE_CURVE ( 'NONE', #1642, #379, #547, .T. ) ;
#541 = ORIENTED_EDGE ( 'NONE', *, *, #3421, .T. ) ;
#542 = VECTOR ( 'NONE', #1163, 1000.000000000000000 ) ;
#543 = DIRECTION ( 'NONE',  ( 1.000000000000000000, -0.000000000000000000, 0.000000000000000000 ) ) ;
#544 = CARTESIAN_POINT ( 'NONE',  ( 0.2032000000000000195, 0.000000000000000000, 0.000000000000000000 ) ) ;
#545 = ORIENTED_EDGE ( 'NONE', *, *, #1555, .T. ) ;
#546 = ORIENTED_EDGE ( 'NONE', *, *, #2061, .T. ) ;
#547 = LINE ( 'NONE', #1342, #1118 ) ;
#548 = CARTESIAN_POINT ( 'NONE',  ( 0.4896035955532533346, 2.006599999999999717, -1.473200000000000065 ) ) ;
#549 = ORIENTED_EDGE ( 'NONE', *, *, #1720, .T. ) ;
#550 = CARTESIAN_POINT ( 'NONE',  ( 1.676399999999999446, 1.016000000000000014, -1.701800000000000201 ) ) ;
#551 = ORIENTED_EDGE ( 'NONE', *, *, #512, .F. ) ;
#552 = FACE_OUTER_BOUND ( 'NONE', #1556, .T. ) ;
#553 = CARTESIAN_POINT ( 'NONE',  ( -0.2031999999999999640, 1.016000000000000014, -0.4318000000000000171 ) ) ;
#554 = ORIENTED_EDGE ( 'NONE', *, *, #3313, .F. ) ;
#555 = PLANE ( 'NONE',  #3058 ) ;
#556 = LINE ( 'NONE', #3075, #913 ) ;
#557 = ORIENTED_EDGE ( 'NONE', *, *, #3575, .F. ) ;
#558 = ORIENTED_EDGE ( 'NONE', *, *, #3566, .F. ) ;
#559 = CARTESIAN_POINT ( 'NONE',  ( 1.905000000000000471, 1.016000000000000014, 1.473199999999999843 ) ) ;
#560 = FACE_OUTER_BOUND ( 'NONE', #1199, .T. ) ;
#561 = STYLED_ITEM ( 'NONE', ( #2539 ), #2555 ) ;
#562 = EDGE_LOOP ( 'NONE', ( #3526, #2479, #3264, #1733 ) ) ;
#563 = UNCERTAINTY_MEASURE_WITH_UNIT (LENGTH_MEASURE( 1.000000000000000082E-05 ), #2904, 'distance_accuracy_value', 'NONE');
#564 = VECTOR ( 'NONE', #1220, 1000.000000000000000 ) ;
#565 = FACE_OUTER_BOUND ( 'NONE', #58, .T. ) ;
#566 = ORIENTED_EDGE ( 'NONE', *, *, #3493, .T. ) ;
#567 = VECTOR ( 'NONE', #2535, 1000.000000000000000 ) ;
#568 = EDGE_CURVE ( 'NONE', #3539, #1903, #268, .T. ) ;
#569 = DIRECTION ( 'NONE',  ( 0.000000000000000000, 0.000000000000000000, 1.000000000000000000 ) ) ;
#570 = VECTOR ( 'NONE', #464, 1000.000000000000000 ) ;
#571 = DIRECTION ( 'NONE',  ( 2.667820306312751888E-16, -0.000000000000000000, 1.000000000000000000 ) ) ;
#572 = EDGE_CURVE ( 'NONE', #2318, #3174, #579, .T. ) ;
#573 = ORIENTED_EDGE ( 'NONE', *, *, #1771, .T. ) ;
#574 = PLANE ( 'NONE',  #2239 ) ;
#575 = DIRECTION ( 'NONE',  ( 0.000000000000000000, -1.000000000000000000, 2.386124994466068663E-16 ) ) ;
#576 = ORIENTED_EDGE ( 'NONE', *, *, #2264, .F. ) ;
#577 = EDGE_CURVE ( 'NONE', #1945, #1323, #65, .T. ) ;
#578 = VERTEX_POINT ( 'NONE', #1359 ) ;
#579 = LINE ( 'NONE', #2820, #2930 ) ;
#580 = ADVANCED_FACE ( 'NONE', ( #1093 ), #2492, .F. ) ;
#581 = DIRECTION ( 'NONE',  ( 0.3420201433256691015, -0.000000000000000000, -0.9396926207859083169 ) ) ;
#582 = ORIENTED_EDGE ( 'NONE', *, *, #2896, .F. ) ;
#583 = EDGE_CURVE ( 'NONE', #3371, #2813, #3359, .T. ) ;
#584 = CARTESIAN_POINT ( 'NONE',  ( -0.2032000000000000195, 2.006599999999999717, 0.2032000000000002138 ) ) ;
#585 = ORIENTED_EDGE ( 'NONE', *, *, #2594, .T. ) ;
#586 = PRESENTATION_LAYER_ASSIGNMENT (  '', '', ( #2175 ) ) ;
#587 = CARTESIAN_POINT ( 'NONE',  ( 0.1136258938000996449, 5.003799999999999137, 0.1136258938000992841 ) ) ;
#588 = DIRECTION ( 'NONE',  ( -0.000000000000000000, 1.000000000000000000, 0.000000000000000000 ) ) ;
#589 = LINE ( 'NONE', #3106, #166 ) ;
#590 = VECTOR ( 'NONE', #1316, 1000.000000000000000 ) ;
#591 = ORIENTED_EDGE ( 'NONE', *, *, #3322, .F. ) ;
#592 = DIRECTION ( 'NONE',  ( 0.000000000000000000, 0.9848077530122086864, 0.1736481776669271948 ) ) ;
#593 = VECTOR ( 'NONE', #2996, 1000.000000000000000 ) ;
#594 = SURFACE_STYLE_USAGE ( .BOTH. , #1987 ) ;
#595 = VERTEX_POINT ( 'NONE', #836 ) ;
#596 = VECTOR ( 'NONE', #2242, 1000.000000000000000 ) ;
#597 = ORIENTED_EDGE ( 'NONE', *, *, #1447, .T. ) ;
#598 = DIRECTION ( 'NONE',  ( -2.982748236756050646E-15, 0.000000000000000000, -1.000000000000000000 ) ) ;
#599 = EDGE_CURVE ( 'NONE', #3328, #2727, #3308, .T. ) ;
#600 = CARTESIAN_POINT ( 'NONE',  ( 1.759603595553253408, 1.016000000000000014, -1.473200000000000065 ) ) ;
#601 = ORIENTED_EDGE ( 'NONE', *, *, #2827, .F. ) ;
#602 = CARTESIAN_POINT ( 'NONE',  ( 0.1136258938000995339, 0.08957410619990048561, -1.917699999999999072 ) ) ;
#603 = EDGE_CURVE ( 'NONE', #2414, #1449, #3593, .T. ) ;
#604 = ORIENTED_EDGE ( 'NONE', *, *, #137, .T. ) ;
#605 = PLANE ( 'NONE',  #1828 ) ;
#606 = CARTESIAN_POINT ( 'NONE',  ( -1.676400000000000334, 1.016000000000000014, -1.701799999999999757 ) ) ;
#607 = DIRECTION ( 'NONE',  ( 0.000000000000000000, 9.339187367277517199E-18, -1.000000000000000000 ) ) ;
#608 = ORIENTED_EDGE ( 'NONE', *, *, #3416, .T. ) ;
#609 = DIRECTION ( 'NONE',  ( 0.000000000000000000, 0.000000000000000000, 1.000000000000000000 ) ) ;
#610 = CARTESIAN_POINT ( 'NONE',  ( 1.066800000000000193, 2.006599999999999717, -0.4318000000000000171 ) ) ;
#611 = ORIENTED_EDGE ( 'NONE', *, *, #2361, .T. ) ;
#612 = ORIENTED_EDGE ( 'NONE', *, *, #1284, .F. ) ;
#613 = CARTESIAN_POINT ( 'NONE',  ( 0.7803964044467451844, 2.006599999999999717, 1.473200000000000065 ) ) ;
#614 = DIRECTION ( 'NONE',  ( 0.000000000000000000, 1.000000000000000000, 0.000000000000000000 ) ) ;
#615 = VERTEX_POINT ( 'NONE', #288 ) ;
#616 = DIRECTION ( 'NONE',  ( -1.000000000000000000, 0.000000000000000000, -0.000000000000000000 ) ) ;
#617 = AXIS2_PLACEMENT_3D ( 'NONE', #2738, #2413, #1899 ) ;
#618 = COLOUR_RGB ( '',0.2509803921568627416, 0.2509803921568627416, 0.2509803921568627416 ) ;
#619 = DIRECTION ( 'NONE',  ( -0.000000000000000000, 1.000000000000000000, 0.000000000000000000 ) ) ;
#620 = ORIENTED_EDGE ( 'NONE', *, *, #2083, .F. ) ;
#621 = EDGE_CURVE ( 'NONE', #1921, #24, #1695, .T. ) ;
#622 = DIRECTION ( 'NONE',  ( 0.000000000000000000, 0.000000000000000000, 1.000000000000000000 ) ) ;
#623 = CARTESIAN_POINT ( 'NONE',  ( 0.2032000000000000195, 4.702563639696180376E-17, 0.2032000000000006856 ) ) ;
#624 = EDGE_CURVE ( 'NONE', #2270, #3185, #2267, .T. ) ;
#625 = CARTESIAN_POINT ( 'NONE',  ( 0.2032000000000000195, 2.006599999999999717, -0.2031999999999993256 ) ) ;
#626 = ORIENTED_EDGE ( 'NONE', *, *, #2574, .F. ) ;
#627 = CARTESIAN_POINT ( 'NONE',  ( 0.2032000000000000195, 0.9143999999999996575, -0.7111999999999992772 ) ) ;
#628 = SURFACE_SIDE_STYLE ('',( #2049 ) ) ;
#629 = EDGE_CURVE ( 'NONE', #3577, #1418, #3378, .T. ) ;
#630 = VERTEX_POINT ( 'NONE', #2218 ) ;
#631 = ORIENTED_EDGE ( 'NONE', *, *, #844, .T. ) ;
#632 = DIRECTION ( 'NONE',  ( 0.000000000000000000, -0.000000000000000000, 1.000000000000000000 ) ) ;
#633 = VECTOR ( 'NONE', #1773, 1000.000000000000000 ) ;
#634 = CARTESIAN_POINT ( 'NONE',  ( 0.6349999999999996758, 2.006599999999999717, -1.473200000000000287 ) ) ;
#635 = VERTEX_POINT ( 'NONE', #3326 ) ;
#636 = CARTESIAN_POINT ( 'NONE',  ( -0.7803964044467449623, 1.016000000000000014, 1.473199999999999843 ) ) ;
#637 = CARTESIAN_POINT ( 'NONE',  ( 1.270000000000000018, 1.016000000000000014, 0.000000000000000000 ) ) ;
#638 = EDGE_LOOP ( 'NONE', ( #1714, #1855, #2155, #2028 ) ) ;
#639 = DIRECTION ( 'NONE',  ( 2.667820306312756325E-16, 0.000000000000000000, -1.000000000000000000 ) ) ;
#640 = EDGE_CURVE ( 'NONE', #1097, #896, #1992, .T. ) ;
#641 = DIRECTION ( 'NONE',  ( 0.9848077530122086864, -0.000000000000000000, -0.1736481776669271948 ) ) ;
#642 = CARTESIAN_POINT ( 'NONE',  ( -1.759603595553254962, 1.016000000000000014, 1.473200000000000065 ) ) ;
#643 = ORIENTED_EDGE ( 'NONE', *, *, #527, .T. ) ;
#644 = LINE ( 'NONE', #340, #712 ) ;
#645 = VECTOR ( 'NONE', #2972, 1000.000000000000000 ) ;
#646 = AXIS2_PLACEMENT_3D ( 'NONE', #1441, #641, #79 ) ;
#647 = ORIENTED_EDGE ( 'NONE', *, *, #2799, .F. ) ;
#648 = ORIENTED_EDGE ( 'NONE', *, *, #3566, .T. ) ;
#649 = AXIS2_PLACEMENT_3D ( 'NONE', #1451, #2575, #2013 ) ;
#650 = CARTESIAN_POINT ( 'NONE',  ( -0.4064000000000003165, 1.016000000000000014, 1.701799999999999979 ) ) ;
#651 = CARTESIAN_POINT ( 'NONE',  ( 0.2032000000000000195, 0.3168258938000995117, -1.917699999999999072 ) ) ;
#652 = VECTOR ( 'NONE', #3181, 1000.000000000000000 ) ;
#653 = ORIENTED_EDGE ( 'NONE', *, *, #2952, .T. ) ;
#654 = LINE ( 'NONE', #1738, #298 ) ;
#655 = DIRECTION ( 'NONE',  ( 0.000000000000000000, -0.000000000000000000, 1.000000000000000000 ) ) ;
#656 = PRODUCT ( 'Pin - Gold and Tin', 'Pin - Gold and Tin', '', ( #2140 ) ) ;
#657 = ORIENTED_EDGE ( 'NONE', *, *, #530, .T. ) ;
#658 = PLANE ( 'NONE',  #1881 ) ;
#659 = CARTESIAN_POINT ( 'NONE',  ( 1.473200000000000287, 1.016000000000000014, -0.8381999999999999451 ) ) ;
#660 = DIRECTION ( 'NONE',  ( 0.3420201433256709889, 0.000000000000000000, 0.9396926207859075397 ) ) ;
#661 =( NAMED_UNIT ( * ) SI_UNIT ( $, .STERADIAN. ) SOLID_ANGLE_UNIT ( ) );
#662 = CARTESIAN_POINT ( 'NONE',  ( 1.759603595553253408, 2.006599999999999717, -1.473200000000000065 ) ) ;
#663 = DIRECTION ( 'NONE',  ( 0.000000000000000000, 0.000000000000000000, -1.000000000000000000 ) ) ;
#664 = EDGE_LOOP ( 'NONE', ( #770, #1663, #3247, #1690 ) ) ;
#665 = ORIENTED_EDGE ( 'NONE', *, *, #2494, .T. ) ;
#666 = DIRECTION ( 'NONE',  ( -0.000000000000000000, -0.000000000000000000, 1.000000000000000000 ) ) ;
#667 = EDGE_CURVE ( 'NONE', #3083, #3433, #1637, .T. ) ;
#668 = CARTESIAN_POINT ( 'NONE',  ( 0.8635999999999997012, 1.016000000000000014, 1.701799999999999979 ) ) ;
#669 = ORIENTED_EDGE ( 'NONE', *, *, #577, .F. ) ;
#670 = LINE ( 'NONE', #1159, #704 ) ;
#671 = LINE ( 'NONE', #2362, #1033 ) ;
#672 = VECTOR ( 'NONE', #70, 1000.000000000000000 ) ;
#673 = ORIENTED_EDGE ( 'NONE', *, *, #2909, .F. ) ;
#674 = CARTESIAN_POINT ( 'NONE',  ( 0.6349999999999994538, 1.016000000000000014, -1.473200000000000509 ) ) ;
#675 = CARTESIAN_POINT ( 'NONE',  ( 1.904999999999999583, 1.016000000000000014, -1.473200000000000509 ) ) ;
#676 = DIRECTION ( 'NONE',  ( 0.000000000000000000, 0.000000000000000000, -1.000000000000000000 ) ) ;
#677 = ADVANCED_FACE ( 'NONE', ( #1941, #2508, #2917 ), #1108, .T. ) ;
#678 = DIRECTION ( 'NONE',  ( 0.000000000000000000, -1.000000000000000000, 0.000000000000000000 ) ) ;
#679 = CYLINDRICAL_SURFACE ( 'NONE', #1120, 0.3810000000000000608 ) ;
#680 = VECTOR ( 'NONE', #1859, 1000.000000000000000 ) ;
#681 = LINE ( 'NONE', #1486, #163 ) ;
#682 = EDGE_CURVE ( 'NONE', #1963, #2310, #1734, .T. ) ;
#683 = EDGE_LOOP ( 'NONE', ( #2233, #1275, #3045, #978 ) ) ;
#684 = CARTESIAN_POINT ( 'NONE',  ( -1.676400000000000334, 1.016000000000000014, 1.701799999999999979 ) ) ;
#685 =( LENGTH_UNIT ( ) NAMED_UNIT ( * ) SI_UNIT ( .MILLI., .METRE. ) );
#686 = ADVANCED_FACE ( 'NONE', ( #1787, #3150, #2052 ), #86, .T. ) ;
#687 = PLANE ( 'NONE',  #330 ) ;
#688 = PRODUCT_DEFINITION_FORMATION_WITH_SPECIFIED_SOURCE ( 'ANY', '', #3404, .NOT_KNOWN. ) ;
#689 = EDGE_CURVE ( 'NONE', #3393, #2403, #1751, .T. ) ;
#690 = ORIENTED_EDGE ( 'NONE', *, *, #1650, .F. ) ;
#691 = DIRECTION ( 'NONE',  ( -1.000000000000000000, 0.000000000000000000, 0.000000000000000000 ) ) ;
#692 = VECTOR ( 'NONE', #2072, 1000.000000000000000 ) ;
#693 = ORIENTED_EDGE ( 'NONE', *, *, #137, .F. ) ;
#694 = EDGE_CURVE ( 'NONE', #3453, #390, #367, .T. ) ;
#695 = CARTESIAN_POINT ( 'NONE',  ( 0.2032000000000000195, 4.848605988755068279E-17, 0.2032000000000007134 ) ) ;
#696 = CARTESIAN_POINT ( 'NONE',  ( -0.7803964044467449623, 2.006599999999999717, 1.473199999999999843 ) ) ;
#697 = CARTESIAN_POINT ( 'NONE',  ( -0.1136258938000995339, 0.08957410619990048561, -1.917699999999999072 ) ) ;
#698 = DIRECTION ( 'NONE',  ( -1.000000000000000000, -0.000000000000000000, -0.000000000000000000 ) ) ;
#699 = PRESENTATION_STYLE_ASSIGNMENT (( #3215 ) ) ;
#700 = CARTESIAN_POINT ( 'NONE',  ( -1.759603595553254518, 1.016000000000000014, -1.473199999999999621 ) ) ;
#701 = CLOSED_SHELL ( 'NONE', ( #3329, #2416, #495, #1832, #1022, #1641, #1993, #993, #1440, #2423 ) ) ;
#702 = EDGE_LOOP ( 'NONE', ( #1271, #810, #2223, #1361 ) ) ;
#703 = LINE ( 'NONE', #453, #824 ) ;
#704 = VECTOR ( 'NONE', #1791, 1000.000000000000000 ) ;
#705 = AXIS2_PLACEMENT_3D ( 'NONE', #2586, #3386, #2062 ) ;
#706 = DIRECTION ( 'NONE',  ( -1.000000000000000000, 0.000000000000000000, -4.474122355134082477E-15 ) ) ;
#707 = VECTOR ( 'NONE', #816, 1000.000000000000000 ) ;
#708 = AXIS2_PLACEMENT_3D ( 'NONE', #623, #2043, #392 ) ;
#709 = ORIENTED_EDGE ( 'NONE', *, *, #1225, .T. ) ;
#710 = DIRECTION ( 'NONE',  ( -1.000000000000000000, 0.000000000000000000, -4.474122355134083266E-15 ) ) ;
#711 = ADVANCED_FACE ( 'NONE', ( #346 ), #2851, .F. ) ;
#712 = VECTOR ( 'NONE', #2316, 1000.000000000000000 ) ;
#713 = VERTEX_POINT ( 'NONE', #66 ) ;
#714 = VECTOR ( 'NONE', #1439, 1000.000000000000000 ) ;
#715 = CARTESIAN_POINT ( 'NONE',  ( -0.2031999999999867246, 1.016000000000000014, 0.8382000000000000561 ) ) ;
#716 = EDGE_CURVE ( 'NONE', #2541, #523, #2070, .T. ) ;
#717 = DIRECTION ( 'NONE',  ( 0.000000000000000000, 0.000000000000000000, 1.000000000000000000 ) ) ;
#718 = DIRECTION ( 'NONE',  ( 0.000000000000000000, -0.000000000000000000, 1.000000000000000000 ) ) ;
#719 = CARTESIAN_POINT ( 'NONE',  ( -1.066799999999999971, 2.006599999999999717, -0.4318000000000000171 ) ) ;
#720 = APPLICATION_CONTEXT ( 'automotive_design' ) ;
#721 = FILL_AREA_STYLE_COLOUR ( '', #828 ) ;
#722 = FACE_OUTER_BOUND ( 'NONE', #1139, .T. ) ;
#723 = ORIENTED_EDGE ( 'NONE', *, *, #2396, .F. ) ;
#724 = CARTESIAN_POINT ( 'NONE',  ( -0.1043520643147468063, 0.3075520643147466315, -1.970294500558515738 ) ) ;
#725 = APPLICATION_PROTOCOL_DEFINITION ( 'draft international standard', 'automotive_design', 1998, #3407 ) ;
#726 = CARTESIAN_POINT ( 'NONE',  ( 0.8635999999999997012, 1.016000000000000014, -1.701799999999999757 ) ) ;
#727 = ORIENTED_EDGE ( 'NONE', *, *, #388, .F. ) ;
#728 = EDGE_CURVE ( 'NONE', #405, #33, #3397, .T. ) ;
#729 = CARTESIAN_POINT ( 'NONE',  ( -0.6350000000000003419, 1.016000000000000014, -1.473200000000000287 ) ) ;
#730 = EDGE_LOOP ( 'NONE', ( #984, #3382, #2757, #2971 ) ) ;
#731 = DIRECTION ( 'NONE',  ( -2.943801717310627941E-16, 0.000000000000000000, -1.000000000000000000 ) ) ;
#732 = UNCERTAINTY_MEASURE_WITH_UNIT (LENGTH_MEASURE( 1.000000000000000082E-05 ), #251, 'distance_accuracy_value', 'NONE');
#733 = PLANE ( 'NONE',  #817 ) ;
#734 = DIRECTION ( 'NONE',  ( 1.000000000000000000, 0.000000000000000000, -0.000000000000000000 ) ) ;
#735 = EDGE_CURVE ( 'NONE', #196, #1583, #1715, .T. ) ;
#736 = ORIENTED_EDGE ( 'NONE', *, *, #577, .T. ) ;
#737 = CARTESIAN_POINT ( 'NONE',  ( 0.2032000000000000195, 0.7873999999999999888, 0.2032000000000004913 ) ) ;
#738 = CARTESIAN_POINT ( 'NONE',  ( 0.2032000000000000195, 4.495799999999989360, -0.2031999999999994921 ) ) ;
#739 = VECTOR ( 'NONE', #1391, 1000.000000000000000 ) ;
#740 = EDGE_CURVE ( 'NONE', #1012, #2495, #1472, .T. ) ;
#741 = DIRECTION ( 'NONE',  ( 0.000000000000000000, 1.000000000000000000, 0.000000000000000000 ) ) ;
#742 = VECTOR ( 'NONE', #2808, 1000.000000000000000 ) ;
#743 = ORIENTED_EDGE ( 'NONE', *, *, #788, .F. ) ;
#744 = DIRECTION ( 'NONE',  ( -1.000000000000000000, -0.000000000000000000, -2.667820306312756325E-16 ) ) ;
#745 = SHAPE_DEFINITION_REPRESENTATION ( #1801, #1538 ) ;
#746 = DIRECTION ( 'NONE',  ( 0.000000000000000000, -2.386124994466068663E-16, -1.000000000000000000 ) ) ;
#747 = AXIS2_PLACEMENT_3D ( 'NONE', #2610, #1230, #102 ) ;
#748 = ORIENTED_EDGE ( 'NONE', *, *, #3290, .F. ) ;
#749 = DIRECTION ( 'NONE',  ( 0.3420201433256709889, 0.000000000000000000, 0.9396926207859075397 ) ) ;
#750 = AXIS2_PLACEMENT_3D ( 'NONE', #1263, #2717, #2979 ) ;
#751 = VERTEX_POINT ( 'NONE', #2082 ) ;
#752 = CARTESIAN_POINT ( 'NONE',  ( 1.066800000000000193, 1.016000000000000014, -0.4318000000000000171 ) ) ;
#753 = CARTESIAN_POINT ( 'NONE',  ( -0.6349999999999996758, 1.016000000000000014, 1.473199999999999843 ) ) ;
#754 = EDGE_LOOP ( 'NONE', ( #941, #591, #2200, #1154, #1955, #900, #551, #172, #743, #2029, #2102, #382 ) ) ;
#755 = CARTESIAN_POINT ( 'NONE',  ( 0.6349999999999996758, 2.006599999999999717, -1.473200000000000287 ) ) ;
#756 = EDGE_CURVE ( 'NONE', #987, #2638, #1232, .T. ) ;
#757 = PLANE ( 'NONE',  #2212 ) ;
#758 = VERTEX_POINT ( 'NONE', #1507 ) ;
#759 = LINE ( 'NONE', #3554, #3055 ) ;
#760 = CARTESIAN_POINT ( 'NONE',  ( 0.6349999999999996758, 2.006599999999999717, 1.473200000000000065 ) ) ;
#761 = EDGE_CURVE ( 'NONE', #439, #2182, #2320, .T. ) ;
#762 = ORIENTED_EDGE ( 'NONE', *, *, #959, .T. ) ;
#763 = CARTESIAN_POINT ( 'NONE',  ( 0.2032000000000000195, 4.495799999999989360, -0.2031999999999994921 ) ) ;
#764 = VECTOR ( 'NONE', #259, 1000.000000000000000 ) ;
#765 = ORIENTED_EDGE ( 'NONE', *, *, #1552, .F. ) ;
#766 = AXIS2_PLACEMENT_3D ( 'NONE', #177, #3486, #412 ) ;
#767 = DIRECTION ( 'NONE',  ( -0.3420201433256692125, 0.000000000000000000, 0.9396926207859083169 ) ) ;
#768 = DIRECTION ( 'NONE',  ( 1.000000000000000000, 0.000000000000000000, -0.000000000000000000 ) ) ;
#769 = AXIS2_PLACEMENT_3D ( 'NONE', #2169, #1351, #1119 ) ;
#770 = ORIENTED_EDGE ( 'NONE', *, *, #2424, .T. ) ;
#771 =( NAMED_UNIT ( * ) PLANE_ANGLE_UNIT ( ) SI_UNIT ( $, .RADIAN. ) );
#772 = CARTESIAN_POINT ( 'NONE',  ( 0.2032000000000000195, 4.495799999999989360, 0.2031999999999996309 ) ) ;
#773 = DIRECTION ( 'NONE',  ( 0.3420201433256709334, 0.000000000000000000, 0.9396926207859075397 ) ) ;
#774 = VERTEX_POINT ( 'NONE', #1195 ) ;
#775 = CARTESIAN_POINT ( 'NONE',  ( 0.2032000000000000195, 4.495799999999989360, -0.2031999999999994921 ) ) ;
#776 = APPLICATION_PROTOCOL_DEFINITION ( 'draft international standard', 'automotive_design', 1998, #1913 ) ;
#777 = LINE ( 'NONE', #2980, #2202 ) ;
#778 = EDGE_CURVE ( 'NONE', #207, #492, #2613, .T. ) ;
#779 = EDGE_LOOP ( 'NONE', ( #332, #108, #1231, #611 ) ) ;
#780 = LINE ( 'NONE', #1003, #3457 ) ;
#781 = ORIENTED_EDGE ( 'NONE', *, *, #2799, .T. ) ;
#782 = CARTESIAN_POINT ( 'NONE',  ( 1.066800000000013293, 1.016000000000000014, 0.4317999999999999616 ) ) ;
#783 = EDGE_CURVE ( 'NONE', #1860, #2318, #2283, .T. ) ;
#784 = FACE_OUTER_BOUND ( 'NONE', #1635, .T. ) ;
#785 = EDGE_LOOP ( 'NONE', ( #2050, #3523, #1155, #2513 ) ) ;
#786 = DIRECTION ( 'NONE',  ( -0.000000000000000000, -1.000000000000000000, 0.000000000000000000 ) ) ;
#787 = DIRECTION ( 'NONE',  ( 1.000000000000000000, -0.000000000000000000, 0.000000000000000000 ) ) ;
#788 = EDGE_CURVE ( 'NONE', #1056, #128, #105, .T. ) ;
#789 = CARTESIAN_POINT ( 'NONE',  ( -1.676400000000000334, 1.016000000000000014, -1.701799999999999757 ) ) ;
#790 = VECTOR ( 'NONE', #2176, 1000.000000000000000 ) ;
#791 = ORIENTED_EDGE ( 'NONE', *, *, #3392, .F. ) ;
#792 = CARTESIAN_POINT ( 'NONE',  ( -0.2032000000000000195, 0.4063999999999999835, -1.409699999999988185 ) ) ;
#793 = APPLICATION_PROTOCOL_DEFINITION ( 'draft international standard', 'automotive_design', 1998, #720 ) ;
#794 = EDGE_CURVE ( 'NONE', #630, #2445, #123, .T. ) ;
#795 = LINE ( 'NONE', #1882, #790 ) ;
#796 = ORIENTED_EDGE ( 'NONE', *, *, #3469, .T. ) ;
#797 = CARTESIAN_POINT ( 'NONE',  ( -1.473199999999986742, 2.006599999999999717, 0.8382000000000000561 ) ) ;
#798 = ADVANCED_FACE ( 'NONE', ( #3454 ), #963, .T. ) ;
#799 = EDGE_CURVE ( 'NONE', #2867, #1616, #1428, .T. ) ;
#800 = LINE ( 'NONE', #2094, #2228 ) ;
#801 = VERTEX_POINT ( 'NONE', #613 ) ;
#802 = EDGE_CURVE ( 'NONE', #2881, #1991, #980, .T. ) ;
#803 = DIRECTION ( 'NONE',  ( 0.3420201433256709889, 0.000000000000000000, 0.9396926207859075397 ) ) ;
#804 = PRODUCT_DEFINITION_FORMATION_WITH_SPECIFIED_SOURCE ( 'ANY', '', #3180, .NOT_KNOWN. ) ;
#805 = ORIENTED_EDGE ( 'NONE', *, *, #1600, .F. ) ;
#806 = FACE_OUTER_BOUND ( 'NONE', #1328, .T. ) ;
#807 = DIRECTION ( 'NONE',  ( -0.9396926207859083169, 0.000000000000000000, -0.3420201433256692125 ) ) ;
#808 = AXIS2_PLACEMENT_3D ( 'NONE', #2600, #3152, #706 ) ;
#809 = PLANE ( 'NONE',  #3094 ) ;
#810 = ORIENTED_EDGE ( 'NONE', *, *, #1981, .F. ) ;
#811 = FACE_OUTER_BOUND ( 'NONE', #1333, .T. ) ;
#812 = SHAPE_REPRESENTATION ( 'GRPB012VWQS-RC_GRPB032VWQS-RC', ( #2087 ), #3255 ) ;
#813 = DIRECTION ( 'NONE',  ( 0.1710878697460324616, 0.1710878697460324616, -0.9702875252478150303 ) ) ;
#814 = VERTEX_POINT ( 'NONE', #1017 ) ;
#815 = ORIENTED_EDGE ( 'NONE', *, *, #2458, .T. ) ;
#816 = DIRECTION ( 'NONE',  ( 1.000000000000000000, 0.000000000000000000, 0.000000000000000000 ) ) ;
#817 = AXIS2_PLACEMENT_3D ( 'NONE', #1010, #3245, #3229 ) ;
#818 = PLANE ( 'NONE',  #2161 ) ;
#819 = ORIENTED_EDGE ( 'NONE', *, *, #2040, .T. ) ;
#820 = AXIS2_PLACEMENT_3D ( 'NONE', #499, #1664, #1608 ) ;
#821 = AXIS2_PLACEMENT_3D ( 'NONE', #1812, #2113, #2893 ) ;
#822 = PLANE ( 'NONE',  #3256 ) ;
#823 = ORIENTED_EDGE ( 'NONE', *, *, #2590, .T. ) ;
#824 = VECTOR ( 'NONE', #3524, 1000.000000000000000 ) ;
#825 = CARTESIAN_POINT ( 'NONE',  ( 0.8635999999999997012, 1.016000000000000014, -1.701799999999999757 ) ) ;
#826 = EDGE_CURVE ( 'NONE', #3597, #375, #1577, .T. ) ;
#827 =( NAMED_UNIT ( * ) PLANE_ANGLE_UNIT ( ) SI_UNIT ( $, .RADIAN. ) );
#828 = COLOUR_RGB ( '',0.7921568627450980005, 0.8196078431372548767, 0.9333333333333333481 ) ;
#829 = CARTESIAN_POINT ( 'NONE',  ( 0.6349999999999994538, 1.016000000000000014, -1.473200000000000509 ) ) ;
#830 = EDGE_LOOP ( 'NONE', ( #2604, #90, #237, #3120 ) ) ;
#831 = DIRECTION ( 'NONE',  ( 1.000000000000000000, 0.000000000000000000, 0.000000000000000000 ) ) ;
#832 = CONTEXT_DEPENDENT_SHAPE_REPRESENTATION ( #1866, #1532 ) ;
#833 = SURFACE_STYLE_FILL_AREA ( #2280 ) ;
#834 = ORIENTED_EDGE ( 'NONE', *, *, #1357, .F. ) ;
#835 = ORIENTED_EDGE ( 'NONE', *, *, #2862, .F. ) ;
#836 = CARTESIAN_POINT ( 'NONE',  ( -0.2032000000000000195, 0.7873999999999997668, -0.2031999999999991868 ) ) ;
#837 = DIRECTION ( 'NONE',  ( 0.9396926207859083169, -0.000000000000000000, 0.3420201433256691015 ) ) ;
#838 = EDGE_CURVE ( 'NONE', #1116, #3145, #759, .T. ) ;
#839 = ORIENTED_EDGE ( 'NONE', *, *, #934, .F. ) ;
#840 = LINE ( 'NONE', #2203, #1256 ) ;
#841 = ORIENTED_EDGE ( 'NONE', *, *, #1117, .F. ) ;
#842 = PLANE ( 'NONE',  #2002 ) ;
#843 =( NAMED_UNIT ( * ) SI_UNIT ( $, .STERADIAN. ) SOLID_ANGLE_UNIT ( ) );
#844 = EDGE_CURVE ( 'NONE', #3185, #1355, #489, .T. ) ;
#845 = DIRECTION ( 'NONE',  ( -0.9396926207859083169, 0.000000000000000000, -0.3420201433256692125 ) ) ;
#846 = VERTEX_POINT ( 'NONE', #1031 ) ;
#847 = DIRECTION ( 'NONE',  ( -1.000000000000000000, 0.000000000000000000, 0.000000000000000000 ) ) ;
#848 = ADVANCED_FACE ( 'NONE', ( #2123 ), #3202, .F. ) ;
#849 = LINE ( 'NONE', #44, #1848 ) ;
#850 = CIRCLE ( 'NONE', #2317, 0.5080000000000000071 ) ;
#851 = EDGE_LOOP ( 'NONE', ( #3125, #1513, #875, #3093 ) ) ;
#852 = ORIENTED_EDGE ( 'NONE', *, *, #530, .F. ) ;
#853 = EDGE_CURVE ( 'NONE', #2024, #2039, #3218, .T. ) ;
#854 = CARTESIAN_POINT ( 'NONE',  ( 1.066800000000013293, 2.006599999999999717, 0.8382000000000000561 ) ) ;
#855 = LINE ( 'NONE', #548, #1979 ) ;
#856 = AXIS2_PLACEMENT_3D ( 'NONE', #1928, #3044, #513 ) ;
#857 = ORIENTED_EDGE ( 'NONE', *, *, #1834, .F. ) ;
#858 = VECTOR ( 'NONE', #313, 1000.000000000000000 ) ;
#859 = CARTESIAN_POINT ( 'NONE',  ( -1.473199999999986742, 1.016000000000000014, 0.4317999999999999616 ) ) ;
#860 = ORIENTED_EDGE ( 'NONE', *, *, #1494, .F. ) ;
#861 = AXIS2_PLACEMENT_3D ( 'NONE', #2192, #3013, #2429 ) ;
#862 = AXIS2_PLACEMENT_3D ( 'NONE', #1895, #1575, #3552 ) ;
#863 = LINE ( 'NONE', #1760, #248 ) ;
#864 = LINE ( 'NONE', #1649, #2145 ) ;
#865 = LINE ( 'NONE', #3070, #3604 ) ;
#866 = EDGE_LOOP ( 'NONE', ( #1786, #286, #320, #585 ) ) ;
#867 = CARTESIAN_POINT ( 'NONE',  ( 0.2032000000000000195, 0.08957410619990048561, -1.917699999999999072 ) ) ;
#868 = ORIENTED_EDGE ( 'NONE', *, *, #1997, .F. ) ;
#869 = ORIENTED_EDGE ( 'NONE', *, *, #1327, .F. ) ;
#870 = CARTESIAN_POINT ( 'NONE',  ( 0.2032000000000000195, 0.000000000000000000, -1.409699999999988185 ) ) ;
#871 = EDGE_CURVE ( 'NONE', #1616, #1921, #703, .T. ) ;
#872 = DIRECTION ( 'NONE',  ( 0.000000000000000000, -1.797268416884384047E-16, 1.000000000000000000 ) ) ;
#873 = ORIENTED_EDGE ( 'NONE', *, *, #2349, .T. ) ;
#874 = DIRECTION ( 'NONE',  ( 0.000000000000000000, -0.000000000000000000, 1.000000000000000000 ) ) ;
#875 = ORIENTED_EDGE ( 'NONE', *, *, #2848, .T. ) ;
#876 = VECTOR ( 'NONE', #1511, 1000.000000000000000 ) ;
#877 = LINE ( 'NONE', #1982, #2125 ) ;
#878 = FACE_OUTER_BOUND ( 'NONE', #2546, .T. ) ;
#879 = LINE ( 'NONE', #3124, #2158 ) ;
#880 = AXIS2_PLACEMENT_3D ( 'NONE', #308, #2197, #2743 ) ;
#881 = AXIS2_PLACEMENT_3D ( 'NONE', #3581, #2438, #1603 ) ;
#882 = ORIENTED_EDGE ( 'NONE', *, *, #694, .T. ) ;
#883 = LINE ( 'NONE', #2626, #652 ) ;
#884 = VECTOR ( 'NONE', #1070, 1000.000000000000114 ) ;
#885 = CARTESIAN_POINT ( 'NONE',  ( -0.1136258938000996449, 5.003799999999999137, -0.1136258938000991314 ) ) ;
#886 = EDGE_LOOP ( 'NONE', ( #903, #3592, #2172, #2595 ) ) ;
#887 = VECTOR ( 'NONE', #1043, 1000.000000000000000 ) ;
#888 = ORIENTED_EDGE ( 'NONE', *, *, #2490, .F. ) ;
#889 = DIRECTION ( 'NONE',  ( 0.3420201433256691015, -0.000000000000000000, -0.9396926207859083169 ) ) ;
#890 = CARTESIAN_POINT ( 'NONE',  ( 0.8635999999999997012, 2.006599999999999717, -1.701799999999999757 ) ) ;
#891 = EDGE_CURVE ( 'NONE', #2817, #3087, #1248, .T. ) ;
#892 = ORIENTED_EDGE ( 'NONE', *, *, #1136, .T. ) ;
#893 = CARTESIAN_POINT ( 'NONE',  ( -0.2032000000000000195, -0.000000000000000000, -1.409699999999988185 ) ) ;
#894 = EDGE_CURVE ( 'NONE', #390, #630, #3536, .T. ) ;
#895 = CARTESIAN_POINT ( 'NONE',  ( -1.905000000000000471, 1.016000000000000014, -1.473200000000000287 ) ) ;
#896 = VERTEX_POINT ( 'NONE', #2941 ) ;
#897 = LINE ( 'NONE', #1480, #542 ) ;
#898 = CARTESIAN_POINT ( 'NONE',  ( 0.1136258938000995339, 0.3168258938000995117, -1.917699999999999072 ) ) ;
#899 = LINE ( 'NONE', #1226, #2506 ) ;
#900 = ORIENTED_EDGE ( 'NONE', *, *, #694, .F. ) ;
#901 = DIRECTION ( 'NONE',  ( 1.000000000000000000, 0.000000000000000000, -0.000000000000000000 ) ) ;
#902 = FACE_OUTER_BOUND ( 'NONE', #77, .T. ) ;
#903 = ORIENTED_EDGE ( 'NONE', *, *, #2599, .F. ) ;
#904 = VERTEX_POINT ( 'NONE', #1806 ) ;
#905 = CARTESIAN_POINT ( 'NONE',  ( -0.1102999435389515615, 5.022662401249001540, -0.1102999435389510480 ) ) ;
#906 = ADVANCED_FACE ( 'NONE', ( #1842 ), #2922, .T. ) ;
#907 = FACE_OUTER_BOUND ( 'NONE', #13, .T. ) ;
#908 = EDGE_CURVE ( 'NONE', #1871, #2216, #1562, .T. ) ;
#909 = EDGE_LOOP ( 'NONE', ( #631, #791, #1412, #2437 ) ) ;
#910 = VECTOR ( 'NONE', #152, 1000.000000000000000 ) ;
#911 = DIRECTION ( 'NONE',  ( 0.000000000000000000, 0.000000000000000000, -1.000000000000000000 ) ) ;
#912 = EDGE_CURVE ( 'NONE', #916, #2782, #2428, .T. ) ;
#913 = VECTOR ( 'NONE', #322, 1000.000000000000000 ) ;
#914 = STYLED_ITEM ( 'NONE', ( #1783 ), #2588 ) ;
#915 = FACE_OUTER_BOUND ( 'NONE', #779, .T. ) ;
#916 = VERTEX_POINT ( 'NONE', #1544 ) ;
#917 = DIRECTION ( 'NONE',  ( -1.000000000000000000, -0.000000000000000000, 5.335640612625515608E-16 ) ) ;
#918 = PLANE ( 'NONE',  #1055 ) ;
#919 = DIRECTION ( 'NONE',  ( 0.000000000000000000, 0.000000000000000000, 1.000000000000000000 ) ) ;
#920 = VECTOR ( 'NONE', #2734, 1000.000000000000000 ) ;
#921 = ORIENTED_EDGE ( 'NONE', *, *, #3330, .F. ) ;
#922 = LINE ( 'NONE', #42, #3231 ) ;
#923 = LINE ( 'NONE', #2627, #3026 ) ;
#924 = ORIENTED_EDGE ( 'NONE', *, *, #540, .T. ) ;
#925 = ORIENTED_EDGE ( 'NONE', *, *, #1176, .T. ) ;
#926 = CARTESIAN_POINT ( 'NONE',  ( 0.1972521207757954032, 4.529532099309503401, -0.1972521207757948480 ) ) ;
#927 = CARTESIAN_POINT ( 'NONE',  ( 0.7803964044467451844, 1.016000000000000014, 1.473200000000000065 ) ) ;
#928 = ORIENTED_EDGE ( 'NONE', *, *, #339, .F. ) ;
#929 = LINE ( 'NONE', #2037, #3337 ) ;
#930 = DIRECTION ( 'NONE',  ( 1.000000000000000000, -0.000000000000000000, 0.000000000000000000 ) ) ;
#931 = ORIENTED_EDGE ( 'NONE', *, *, #2298, .F. ) ;
#932 = DIRECTION ( 'NONE',  ( -2.943801717310628434E-16, -0.000000000000000000, -1.000000000000000000 ) ) ;
#933 = DIRECTION ( 'NONE',  ( 1.000000000000000000, 0.000000000000000000, 0.000000000000000000 ) ) ;
#934 = EDGE_CURVE ( 'NONE', #103, #2698, #161, .T. ) ;
#935 = CARTESIAN_POINT ( 'NONE',  ( 1.676400000000001222, 1.016000000000000014, 1.701799999999999757 ) ) ;
#936 = ORIENTED_EDGE ( 'NONE', *, *, #1483, .T. ) ;
#937 = FACE_OUTER_BOUND ( 'NONE', #1476, .T. ) ;
#938 = VECTOR ( 'NONE', #710, 1000.000000000000000 ) ;
#939 = VECTOR ( 'NONE', #767, 999.9999999999998863 ) ;
#940 = LINE ( 'NONE', #3183, #2093 ) ;
#941 = ORIENTED_EDGE ( 'NONE', *, *, #799, .F. ) ;
#942 = VERTEX_POINT ( 'NONE', #2156 ) ;
#943 = AXIS2_PLACEMENT_3D ( 'NONE', #2391, #434, #2699 ) ;
#944 = CARTESIAN_POINT ( 'NONE',  ( -0.7803964044467467387, 1.016000000000000014, -1.473200000000000065 ) ) ;
#945 = CARTESIAN_POINT ( 'NONE',  ( -0.2031999999999999640, 1.016000000000000014, -0.8382000000000000561 ) ) ;
#946 = VECTOR ( 'NONE', #2865, 1000.000000000000000 ) ;
#947 = ORIENTED_EDGE ( 'NONE', *, *, #3591, .T. ) ;
#948 = CARTESIAN_POINT ( 'NONE',  ( 0.8635999999999997012, 2.006599999999999717, 1.701799999999999979 ) ) ;
#949 = ADVANCED_FACE ( 'NONE', ( #214 ), #197, .F. ) ;
#950 = DIRECTION ( 'NONE',  ( 0.000000000000000000, 0.000000000000000000, -1.000000000000000000 ) ) ;
#951 = PRODUCT ( 'GRPB012VWQS-RC_GRPB032VWQS-RC', 'GRPB012VWQS-RC_GRPB032VWQS-RC', '', ( #2997 ) ) ;
#952 = ORIENTED_EDGE ( 'NONE', *, *, #689, .F. ) ;
#953 = LINE ( 'NONE', #3514, #1460 ) ;
#954 = PRODUCT_RELATED_PRODUCT_CATEGORY ( 'part', '', ( #3180 ) ) ;
#955 = CARTESIAN_POINT ( 'NONE',  ( -0.4064000000000003165, 1.016000000000000014, -1.701799999999999757 ) ) ;
#956 = DIRECTION ( 'NONE',  ( 0.000000000000000000, -2.314253759692994169E-16, -1.000000000000000000 ) ) ;
#957 = CARTESIAN_POINT ( 'NONE',  ( 0.2032000000000000195, 2.006599999999999717, 0.000000000000000000 ) ) ;
#958 = PLANE ( 'NONE',  #769 ) ;
#959 = EDGE_CURVE ( 'NONE', #3238, #1415, #3502, .T. ) ;
#960 = DIRECTION ( 'NONE',  ( 1.000000000000000000, 0.000000000000000000, 0.000000000000000000 ) ) ;
#961 = ORIENTED_EDGE ( 'NONE', *, *, #1591, .T. ) ;
#962 = ADVANCED_FACE ( 'NONE', ( #2662, #2412, #2651 ), #142, .F. ) ;
#963 = PLANE ( 'NONE',  #2179 ) ;
#964 = SURFACE_SIDE_STYLE ('',( #1196 ) ) ;
#965 = DIRECTION ( 'NONE',  ( 2.667820306312751888E-16, -0.000000000000000000, 1.000000000000000000 ) ) ;
#966 = ORIENTED_EDGE ( 'NONE', *, *, #2436, .T. ) ;
#967 = CARTESIAN_POINT ( 'NONE',  ( -0.2031999999999999640, 1.016000000000000014, -0.8382000000000000561 ) ) ;
#968 = DIRECTION ( 'NONE',  ( 0.3420201433256709334, 0.000000000000000000, 0.9396926207859075397 ) ) ;
#969 = VECTOR ( 'NONE', #1000, 999.9999999999998863 ) ;
#970 = ORIENTED_EDGE ( 'NONE', *, *, #109, .F. ) ;
#971 = DIRECTION ( 'NONE',  ( -1.000000000000000000, 0.000000000000000000, 0.000000000000000000 ) ) ;
#972 = VECTOR ( 'NONE', #3246, 999.9999999999998863 ) ;
#973 = DIRECTION ( 'NONE',  ( 0.000000000000000000, 1.000000000000000000, 0.000000000000000000 ) ) ;
#974 = CARTESIAN_POINT ( 'NONE',  ( -1.676400000000000334, 1.016000000000000014, -1.701799999999999757 ) ) ;
#975 =( LENGTH_UNIT ( ) NAMED_UNIT ( * ) SI_UNIT ( .MILLI., .METRE. ) );
#976 =( REPRESENTATION_RELATIONSHIP ('NONE','NONE', #3438, #2314 ) REPRESENTATION_RELATIONSHIP_WITH_TRANSFORMATION ( #3089 )SHAPE_REPRESENTATION_RELATIONSHIP( ) );
#977 = CARTESIAN_POINT ( 'NONE',  ( 0.8635999999999997012, 2.006599999999999717, -1.701799999999999757 ) ) ;
#978 = ORIENTED_EDGE ( 'NONE', *, *, #1747, .T. ) ;
#979 = EDGE_CURVE ( 'NONE', #3301, #2024, #1936, .T. ) ;
#980 = LINE ( 'NONE', #684, #534 ) ;
#981 = FILL_AREA_STYLE ('',( #3472 ) ) ;
#982 = PRODUCT_DEFINITION_SHAPE ( 'NONE', 'NONE',  #3615 ) ;
#983 = DIRECTION ( 'NONE',  ( 0.000000000000000000, 1.000000000000000000, -0.000000000000000000 ) ) ;
#984 = ORIENTED_EDGE ( 'NONE', *, *, #2639, .T. ) ;
#985 = LINE ( 'NONE', #3018, #2580 ) ;
#986 = ADVANCED_FACE ( 'NONE', ( #249 ), #3321, .F. ) ;
#987 = VERTEX_POINT ( 'NONE', #1335 ) ;
#988 = DIRECTION ( 'NONE',  ( 1.000000000000000000, 0.000000000000000000, -0.000000000000000000 ) ) ;
#989 = DIRECTION ( 'NONE',  ( -1.000000000000000000, 0.000000000000000000, 0.000000000000000000 ) ) ;
#990 = CARTESIAN_POINT ( 'NONE',  ( 1.473200000000013388, 1.016000000000000014, 0.8382000000000000561 ) ) ;
#991 = CARTESIAN_POINT ( 'NONE',  ( -0.2032000000000000195, -0.000000000000000000, -1.409699999999988185 ) ) ;
#992 = CARTESIAN_POINT ( 'NONE',  ( 1.066800000000013293, 1.016000000000000014, 0.4317999999999999616 ) ) ;
#993 = ADVANCED_FACE ( 'NONE', ( #1653 ), #3286, .T. ) ;
#994 = DIRECTION ( 'NONE',  ( -1.000000000000000000, -0.000000000000000000, -2.667820306312756325E-16 ) ) ;
#995 = CLOSED_SHELL ( 'NONE', ( #2643, #1883, #422, #3334, #2491, #1596, #1325, #2014, #3507, #1443, #848, #1810, #2472, #580 ) ) ;
#996 = VERTEX_POINT ( 'NONE', #1632 ) ;
#997 = CARTESIAN_POINT ( 'NONE',  ( -1.066799999999999971, 1.016000000000000014, -0.4318000000000000171 ) ) ;
#998 = APPLICATION_PROTOCOL_DEFINITION ( 'draft international standard', 'automotive_design', 1998, #3586 ) ;
#999 = VECTOR ( 'NONE', #1567, 1000.000000000000000 ) ;
#1000 = DIRECTION ( 'NONE',  ( 0.1710878697460325448, 0.9702875252478150303, -0.1710878697460325448 ) ) ;
#1001 = VECTOR ( 'NONE', #234, 1000.000000000000000 ) ;
#1002 = ORIENTED_EDGE ( 'NONE', *, *, #309, .F. ) ;
#1003 = CARTESIAN_POINT ( 'NONE',  ( 0.2032000000000000195, 2.006599999999999717, -0.2031999999999992979 ) ) ;
#1004 = MECHANICAL_DESIGN_GEOMETRIC_PRESENTATION_REPRESENTATION (  '', ( #2584 ), #3518 ) ;
#1005 = EDGE_CURVE ( 'NONE', #2162, #2036, #3572, .T. ) ;
#1006 = EDGE_LOOP ( 'NONE', ( #1657, #1086, #1016, #2282 ) ) ;
#1007 = AXIS2_PLACEMENT_3D ( 'NONE', #2294, #639, #54 ) ;
#1008 = ADVANCED_FACE ( 'NONE', ( #3588 ), #3053, .T. ) ;
#1009 = CARTESIAN_POINT ( 'NONE',  ( 0.2032000000000000195, 5.003799999999999137, -0.1136258938000991314 ) ) ;
#1010 = CARTESIAN_POINT ( 'NONE',  ( 0.2032000000000000195, -1.567521213232048210E-17, -0.2031999999999991313 ) ) ;
#1011 = DIRECTION ( 'NONE',  ( 0.000000000000000000, 0.000000000000000000, 1.000000000000000000 ) ) ;
#1012 = VERTEX_POINT ( 'NONE', #4 ) ;
#1013 = DIRECTION ( 'NONE',  ( 0.000000000000000000, 0.000000000000000000, -1.000000000000000000 ) ) ;
#1014 = DIRECTION ( 'NONE',  ( 0.000000000000000000, -2.439149994343092652E-16, 1.000000000000000000 ) ) ;
#1015 = LINE ( 'NONE', #2154, #2326 ) ;
#1016 = ORIENTED_EDGE ( 'NONE', *, *, #1173, .F. ) ;
#1017 = CARTESIAN_POINT ( 'NONE',  ( -1.473199999999986742, 2.006599999999999717, 0.4317999999999999616 ) ) ;
#1018 = DIRECTION ( 'NONE',  ( 1.000000000000000000, 0.000000000000000000, 0.000000000000000000 ) ) ;
#1019 = LINE ( 'NONE', #231, #1549 ) ;
#1020 = ORIENTED_EDGE ( 'NONE', *, *, #1431, .F. ) ;
#1021 = CARTESIAN_POINT ( 'NONE',  ( 0.8635999999999997012, 2.006599999999999717, -1.701799999999999757 ) ) ;
#1022 = ADVANCED_FACE ( 'NONE', ( #504 ), #574, .T. ) ;
#1023 = EDGE_LOOP ( 'NONE', ( #401, #1450, #3292, #1190 ) ) ;
#1024 = CARTESIAN_POINT ( 'NONE',  ( -0.6349999999999996758, 1.016000000000000014, 1.473199999999999843 ) ) ;
#1025 = LINE ( 'NONE', #171, #3141 ) ;
#1026 = ORIENTED_EDGE ( 'NONE', *, *, #1357, .T. ) ;
#1027 = DIRECTION ( 'NONE',  ( 0.3420201433256709334, 0.000000000000000000, 0.9396926207859075397 ) ) ;
#1028 = DIRECTION ( 'NONE',  ( 1.000000000000000000, 0.000000000000000000, 0.000000000000000000 ) ) ;
#1029 = PLANE ( 'NONE',  #2966 ) ;
#1030 = ORIENTED_EDGE ( 'NONE', *, *, #728, .F. ) ;
#1031 = CARTESIAN_POINT ( 'NONE',  ( -0.7803964044467467387, 1.016000000000000014, -1.473200000000000065 ) ) ;
#1032 = CARTESIAN_POINT ( 'NONE',  ( -1.269999999999995799, -2.097483175455093374E-18, 0.6350000000000007860 ) ) ;
#1033 = VECTOR ( 'NONE', #2637, 1000.000000000000000 ) ;
#1034 = FACE_BOUND ( 'NONE', #2777, .T. ) ;
#1035 = VERTEX_POINT ( 'NONE', #792 ) ;
#1036 = DIRECTION ( 'NONE',  ( 1.000000000000000000, 0.000000000000000000, 0.000000000000000000 ) ) ;
#1037 = ORIENTED_EDGE ( 'NONE', *, *, #802, .F. ) ;
#1038 = VECTOR ( 'NONE', #2543, 1000.000000000000000 ) ;
#1039 = CARTESIAN_POINT ( 'NONE',  ( -0.1136258938000995339, 0.000000000000000000, -1.917699999999999072 ) ) ;
#1040 = LINE ( 'NONE', #2367, #3364 ) ;
#1041 = EDGE_LOOP ( 'NONE', ( #3294, #3153, #2378, #1919 ) ) ;
#1042 = PLANE ( 'NONE',  #820 ) ;
#1043 = DIRECTION ( 'NONE',  ( 0.000000000000000000, 1.000000000000000000, 0.000000000000000000 ) ) ;
#1044 = EDGE_CURVE ( 'NONE', #2541, #3528, #1123, .T. ) ;
#1045 = FACE_OUTER_BOUND ( 'NONE', #1267, .T. ) ;
#1046 = ORIENTED_EDGE ( 'NONE', *, *, #2032, .F. ) ;
#1047 = DIRECTION ( 'NONE',  ( 0.000000000000000000, 0.000000000000000000, -1.000000000000000000 ) ) ;
#1048 = SHAPE_REPRESENTATION_RELATIONSHIP ( 'NONE' , 'NONE' ,  #1538, #2470 ) ;
#1049 = FACE_BOUND ( 'NONE', #1006, .T. ) ;
#1050 = ORIENTED_EDGE ( 'NONE', *, *, #2153, .F. ) ;
#1051 = ORIENTED_EDGE ( 'NONE', *, *, #3540, .F. ) ;
#1052 = AXIS2_PLACEMENT_3D ( 'NONE', #2789, #2224, #1027 ) ;
#1053 = PLANE ( 'NONE',  #417 ) ;
#1054 = VECTOR ( 'NONE', #889, 1000.000000000000000 ) ;
#1055 = AXIS2_PLACEMENT_3D ( 'NONE', #3105, #98, #56 ) ;
#1056 = VERTEX_POINT ( 'NONE', #3302 ) ;
#1057 =( GEOMETRIC_REPRESENTATION_CONTEXT ( 3 ) GLOBAL_UNCERTAINTY_ASSIGNED_CONTEXT ( ( #187 ) ) GLOBAL_UNIT_ASSIGNED_CONTEXT ( ( #1627, #515, #3603 ) ) REPRESENTATION_CONTEXT ( 'NONE', 'WORKASPACE' ) );
#1058 = CARTESIAN_POINT ( 'NONE',  ( 1.473200000000013388, 1.016000000000000014, 0.4318000000000000727 ) ) ;
#1059 = ADVANCED_FACE ( 'NONE', ( #1691 ), #555, .F. ) ;
#1060 = DIRECTION ( 'NONE',  ( 0.000000000000000000, -1.000000000000000000, 2.314253759692994169E-16 ) ) ;
#1061 = VECTOR ( 'NONE', #2211, 1000.000000000000000 ) ;
#1062 = VERTEX_POINT ( 'NONE', #229 ) ;
#1063 = FILL_AREA_STYLE ('',( #3335 ) ) ;
#1064 = CARTESIAN_POINT ( 'NONE',  ( 0.2032000000000000195, 0.9143999999999996575, -0.2031999999999992701 ) ) ;
#1065 = EDGE_CURVE ( 'NONE', #1012, #418, #3088, .T. ) ;
#1066 = CARTESIAN_POINT ( 'NONE',  ( 0.2032000000000000195, 0.4063999999999999835, -1.409699999999988185 ) ) ;
#1067 = LINE ( 'NONE', #2714, #3601 ) ;
#1068 = ADVANCED_FACE ( 'NONE', ( #1915 ), #1671, .F. ) ;
#1069 = ORIENTED_EDGE ( 'NONE', *, *, #3288, .F. ) ;
#1070 = DIRECTION ( 'NONE',  ( 0.3420201433256709889, 0.000000000000000000, 0.9396926207859075397 ) ) ;
#1071 = DIRECTION ( 'NONE',  ( -6.982962677686266711E-15, 0.000000000000000000, -1.000000000000000000 ) ) ;
#1072 = EDGE_CURVE ( 'NONE', #801, #258, #1409, .T. ) ;
#1073 = CARTESIAN_POINT ( 'NONE',  ( -0.4896035955532543893, 1.016000000000000014, -1.473199999999999621 ) ) ;
#1074 = ORIENTED_EDGE ( 'NONE', *, *, #1117, .T. ) ;
#1075 = ORIENTED_EDGE ( 'NONE', *, *, #1834, .T. ) ;
#1076 = ADVANCED_FACE ( 'NONE', ( #811 ), #2173, .F. ) ;
#1077 = ADVANCED_FACE ( 'NONE', ( #1372 ), #2503, .F. ) ;
#1078 = CARTESIAN_POINT ( 'NONE',  ( -1.473200000000000065, 2.006599999999999717, -0.4318000000000000171 ) ) ;
#1079 = CARTESIAN_POINT ( 'NONE',  ( -0.1136258938000996449, 5.003799999999999137, 0.000000000000000000 ) ) ;
#1080 = ORIENTED_EDGE ( 'NONE', *, *, #3172, .T. ) ;
#1081 = CARTESIAN_POINT ( 'NONE',  ( 0.4063999999999994839, 1.016000000000000014, -1.701800000000000201 ) ) ;
#1082 = EDGE_LOOP ( 'NONE', ( #2741, #1550, #213, #1393 ) ) ;
#1083 = CARTESIAN_POINT ( 'NONE',  ( -0.8636000000000005894, 2.006599999999999717, -1.701800000000000201 ) ) ;
#1084 = DIRECTION ( 'NONE',  ( -0.000000000000000000, -0.000000000000000000, 1.000000000000000000 ) ) ;
#1085 = CARTESIAN_POINT ( 'NONE',  ( 1.473200000000013388, 2.006599999999999717, 0.8382000000000000561 ) ) ;
#1086 = ORIENTED_EDGE ( 'NONE', *, *, #3136, .F. ) ;
#1087 = DIRECTION ( 'NONE',  ( 0.000000000000000000, 0.000000000000000000, 1.000000000000000000 ) ) ;
#1088 = CARTESIAN_POINT ( 'NONE',  ( 0.2032000000000000195, 0.7873999999999997668, -0.2031999999999991868 ) ) ;
#1089 = ADVANCED_FACE ( 'NONE', ( #1104 ), #1956, .F. ) ;
#1090 = EDGE_LOOP ( 'NONE', ( #50, #1261, #485, #604 ) ) ;
#1091 = ORIENTED_EDGE ( 'NONE', *, *, #3322, .T. ) ;
#1092 =( GEOMETRIC_REPRESENTATION_CONTEXT ( 3 ) GLOBAL_UNCERTAINTY_ASSIGNED_CONTEXT ( ( #2709 ) ) GLOBAL_UNIT_ASSIGNED_CONTEXT ( ( #1688, #1331, #843 ) ) REPRESENTATION_CONTEXT ( 'NONE', 'WORKASPACE' ) );
#1093 = FACE_OUTER_BOUND ( 'NONE', #1426, .T. ) ;
#1094 = CARTESIAN_POINT ( 'NONE',  ( 0.2032000000000001583, 1.016000000000000014, -0.4318000000000000171 ) ) ;
#1095 = AXIS2_PLACEMENT_3D ( 'NONE', #2737, #2700, #1595 ) ;
#1096 = AXIS2_PLACEMENT_3D ( 'NONE', #449, #1542, #487 ) ;
#1097 = VERTEX_POINT ( 'NONE', #1503 ) ;
#1098 = ADVANCED_FACE ( 'NONE', ( #358 ), #2065, .T. ) ;
#1099 = CARTESIAN_POINT ( 'NONE',  ( 0.2032000000000000195, -1.567521213232048210E-17, -0.2031999999999991313 ) ) ;
#1100 = ORIENTED_EDGE ( 'NONE', *, *, #3242, .F. ) ;
#1101 = CARTESIAN_POINT ( 'NONE',  ( 0.6349999999999994538, 1.016000000000000014, -1.473200000000000509 ) ) ;
#1102 = DIRECTION ( 'NONE',  ( -1.000000000000000000, -0.000000000000000000, -0.000000000000000000 ) ) ;
#1103 = ORIENTED_EDGE ( 'NONE', *, *, #1628, .T. ) ;
#1104 = FACE_OUTER_BOUND ( 'NONE', #1765, .T. ) ;
#1105 = DIRECTION ( 'NONE',  ( -0.000000000000000000, 5.965312486165171658E-17, 1.000000000000000000 ) ) ;
#1106 = VERTEX_POINT ( 'NONE', #3161 ) ;
#1107 = EDGE_LOOP ( 'NONE', ( #2781, #452, #2527, #437 ) ) ;
#1108 = PLANE ( 'NONE',  #1521 ) ;
#1109 = AXIS2_PLACEMENT_3D ( 'NONE', #3327, #3345, #2220 ) ;
#1110 = CARTESIAN_POINT ( 'NONE',  ( -0.1136258938000995339, 0.000000000000000000, -1.917699999999999072 ) ) ;
#1111 = EDGE_LOOP ( 'NONE', ( #2178, #2633, #626, #2706 ) ) ;
#1112 = UNCERTAINTY_MEASURE_WITH_UNIT (LENGTH_MEASURE( 1.000000000000000082E-05 ), #2923, 'distance_accuracy_value', 'NONE');
#1113 = EDGE_CURVE ( 'NONE', #774, #2020, #1137, .T. ) ;
#1114 = VECTOR ( 'NONE', #1477, 1000.000000000000000 ) ;
#1115 = CARTESIAN_POINT ( 'NONE',  ( 0.2032000000000133977, 1.016000000000000014, 0.8382000000000000561 ) ) ;
#1116 = VERTEX_POINT ( 'NONE', #662 ) ;
#1117 = EDGE_CURVE ( 'NONE', #2940, #2583, #3146, .T. ) ;
#1118 = VECTOR ( 'NONE', #2471, 1000.000000000000000 ) ;
#1119 = DIRECTION ( 'NONE',  ( -1.000000000000000000, 0.000000000000000000, -2.667820306312756325E-16 ) ) ;
#1120 = AXIS2_PLACEMENT_3D ( 'NONE', #2678, #2351, #174 ) ;
#1121 = LINE ( 'NONE', #1911, #3263 ) ;
#1122 = ORIENTED_EDGE ( 'NONE', *, *, #2635, .T. ) ;
#1123 = LINE ( 'NONE', #2778, #3463 ) ;
#1124 = CARTESIAN_POINT ( 'NONE',  ( 0.2032000000000000195, -1.212151497188758288E-17, -0.2031999999999992146 ) ) ;
#1125 = ORIENTED_EDGE ( 'NONE', *, *, #2215, .T. ) ;
#1126 = ORIENTED_EDGE ( 'NONE', *, *, #2443, .F. ) ;
#1127 = DIRECTION ( 'NONE',  ( -1.000000000000000000, -0.000000000000000000, 0.000000000000000000 ) ) ;
#1128 = CARTESIAN_POINT ( 'NONE',  ( -0.2032000000000000195, 0.4063999999999997059, 7.304098846218131956E-17 ) ) ;
#1129 = ORIENTED_EDGE ( 'NONE', *, *, #2594, .F. ) ;
#1130 = PLANE ( 'NONE',  #450 ) ;
#1131 = EDGE_LOOP ( 'NONE', ( #3038, #141, #2963, #1125 ) ) ;
#1132 = CARTESIAN_POINT ( 'NONE',  ( 1.066800000000000193, 1.016000000000000014, -0.4318000000000000171 ) ) ;
#1133 = CARTESIAN_POINT ( 'NONE',  ( 1.066800000000013293, 2.006599999999999717, 0.8382000000000000561 ) ) ;
#1134 = DIRECTION ( 'NONE',  ( 0.000000000000000000, 0.000000000000000000, -1.000000000000000000 ) ) ;
#1135 = ORIENTED_EDGE ( 'NONE', *, *, #532, .F. ) ;
#1136 = EDGE_CURVE ( 'NONE', #2403, #3301, #644, .T. ) ;
#1137 = LINE ( 'NONE', #1465, #1643 ) ;
#1138 = VECTOR ( 'NONE', #1233, 1000.000000000000000 ) ;
#1139 = EDGE_LOOP ( 'NONE', ( #283, #2319, #1682, #2884 ) ) ;
#1140 = EDGE_LOOP ( 'NONE', ( #2016, #1375, #2448, #1457 ) ) ;
#1141 = DIRECTION ( 'NONE',  ( 0.000000000000000000, 1.000000000000000000, 0.000000000000000000 ) ) ;
#1142 = AXIS2_PLACEMENT_3D ( 'NONE', #3480, #2402, #2439 ) ;
#1143 = DIRECTION ( 'NONE',  ( 0.000000000000000000, 0.000000000000000000, -1.000000000000000000 ) ) ;
#1144 = EDGE_LOOP ( 'NONE', ( #3220, #2517, #3204, #445 ) ) ;
#1145 = LINE ( 'NONE', #3420, #858 ) ;
#1146 = ORIENTED_EDGE ( 'NONE', *, *, #1581, .T. ) ;
#1147 = FACE_OUTER_BOUND ( 'NONE', #2502, .T. ) ;
#1148 = DIRECTION ( 'NONE',  ( 0.000000000000000000, 0.000000000000000000, 1.000000000000000000 ) ) ;
#1149 = CARTESIAN_POINT ( 'NONE',  ( -0.2031999999999867246, 1.016000000000000014, 0.4317999999999999616 ) ) ;
#1150 = ORIENTED_EDGE ( 'NONE', *, *, #1136, .F. ) ;
#1151 = DIRECTION ( 'NONE',  ( 0.000000000000000000, 1.000000000000000000, 0.000000000000000000 ) ) ;
#1152 = ADVANCED_FACE ( 'NONE', ( #1766 ), #321, .T. ) ;
#1153 = LINE ( 'NONE', #3608, #739 ) ;
#1154 = ORIENTED_EDGE ( 'NONE', *, *, #2260, .F. ) ;
#1155 = ORIENTED_EDGE ( 'NONE', *, *, #3144, .F. ) ;
#1156 = DIRECTION ( 'NONE',  ( 0.1710878697460324616, -0.1710878697460324616, 0.9702875252478150303 ) ) ;
#1157 = CARTESIAN_POINT ( 'NONE',  ( -0.2032000000000000195, 0.9143999999999996575, -0.2031999999999992701 ) ) ;
#1158 = ORIENTED_EDGE ( 'NONE', *, *, #3416, .F. ) ;
#1159 = CARTESIAN_POINT ( 'NONE',  ( 1.759603595553253408, 2.006599999999999717, -1.473200000000000065 ) ) ;
#1160 = DIRECTION ( 'NONE',  ( 0.000000000000000000, 1.000000000000000000, 0.000000000000000000 ) ) ;
#1161 = EDGE_LOOP ( 'NONE', ( #869, #2510, #273, #3556, #841, #460, #348, #557 ) ) ;
#1162 = VECTOR ( 'NONE', #1036, 1000.000000000000000 ) ;
#1163 = DIRECTION ( 'NONE',  ( -0.000000000000000000, -0.000000000000000000, 1.000000000000000000 ) ) ;
#1164 = VECTOR ( 'NONE', #3465, 1000.000000000000000 ) ;
#1165 = CARTESIAN_POINT ( 'NONE',  ( -0.6350000000000003419, 2.006599999999999717, 1.473200000000000065 ) ) ;
#1166 = LINE ( 'NONE', #3198, #2096 ) ;
#1167 = VECTOR ( 'NONE', #2766, 1000.000000000000000 ) ;
#1168 = EDGE_CURVE ( 'NONE', #2817, #3238, #3450, .T. ) ;
#1169 = ORIENTED_EDGE ( 'NONE', *, *, #474, .T. ) ;
#1170 = DIRECTION ( 'NONE',  ( 0.000000000000000000, 0.000000000000000000, 1.000000000000000000 ) ) ;
#1171 = AXIS2_PLACEMENT_3D ( 'NONE', #2263, #2335, #901 ) ;
#1172 = CARTESIAN_POINT ( 'NONE',  ( 0.2032000000000000195, 4.495799999999989360, 0.2031999999999996587 ) ) ;
#1173 = EDGE_CURVE ( 'NONE', #1415, #3065, #2882, .T. ) ;
#1174 = ORIENTED_EDGE ( 'NONE', *, *, #629, .T. ) ;
#1175 = VECTOR ( 'NONE', #3565, 1000.000000000000000 ) ;
#1176 = EDGE_CURVE ( 'NONE', #128, #1925, #101, .T. ) ;
#1177 = VERTEX_POINT ( 'NONE', #3391 ) ;
#1178 = CARTESIAN_POINT ( 'NONE',  ( 1.904999999999999583, 1.016000000000000014, -1.473200000000000509 ) ) ;
#1179 = LINE ( 'NONE', #2085, #1269 ) ;
#1180 = EDGE_CURVE ( 'NONE', #904, #2073, #883, .T. ) ;
#1181 = ADVANCED_FACE ( 'NONE', ( #1211 ), #1485, .F. ) ;
#1182 = ORIENTED_EDGE ( 'NONE', *, *, #3117, .F. ) ;
#1183 = CARTESIAN_POINT ( 'NONE',  ( 0.2032000000000000195, 5.003799999999999137, -0.1136258938000991314 ) ) ;
#1184 = ADVANCED_FACE ( 'NONE', ( #937 ), #396, .F. ) ;
#1185 = LINE ( 'NONE', #1416, #3258 ) ;
#1186 = ORIENTED_EDGE ( 'NONE', *, *, #1988, .T. ) ;
#1187 = LINE ( 'NONE', #2311, #1645 ) ;
#1188 = PLANE ( 'NONE',  #1579 ) ;
#1189 = DIRECTION ( 'NONE',  ( -2.982748236756050646E-15, 0.000000000000000000, -1.000000000000000000 ) ) ;
#1190 = ORIENTED_EDGE ( 'NONE', *, *, #3241, .T. ) ;
#1191 = PLANE ( 'NONE',  #2122 ) ;
#1192 =( NAMED_UNIT ( * ) PLANE_ANGLE_UNIT ( ) SI_UNIT ( $, .RADIAN. ) );
#1193 = ORIENTED_EDGE ( 'NONE', *, *, #1281, .T. ) ;
#1194 = EDGE_LOOP ( 'NONE', ( #3413, #2788, #3343, #2217 ) ) ;
#1195 = CARTESIAN_POINT ( 'NONE',  ( -1.905000000000000471, 1.016000000000000014, 1.473200000000000065 ) ) ;
#1196 = SURFACE_STYLE_FILL_AREA ( #2630 ) ;
#1197 = MECHANICAL_DESIGN_GEOMETRIC_PRESENTATION_REPRESENTATION (  '', ( #2433 ), #2201 ) ;
#1198 = FACE_OUTER_BOUND ( 'NONE', #1090, .T. ) ;
#1199 = EDGE_LOOP ( 'NONE', ( #727, #2058, #1080, #383 ) ) ;
#1200 = AXIS2_PLACEMENT_3D ( 'NONE', #206, #1011, #734 ) ;
#1201 = CARTESIAN_POINT ( 'NONE',  ( -1.473200000000000065, 1.016000000000000014, -0.8382000000000000561 ) ) ;
#1202 = VECTOR ( 'NONE', #575, 1000.000000000000000 ) ;
#1203 = MECHANICAL_DESIGN_GEOMETRIC_PRESENTATION_REPRESENTATION (  '', ( #561 ), #1852 ) ;
#1204 = CARTESIAN_POINT ( 'NONE',  ( -0.4064000000000003165, 2.006599999999999717, 1.701799999999999979 ) ) ;
#1205 = EDGE_LOOP ( 'NONE', ( #2806, #292, #2834, #1646 ) ) ;
#1206 = CARTESIAN_POINT ( 'NONE',  ( -0.6350000000000005640, 1.016000000000000014, -1.473200000000000509 ) ) ;
#1207 = DIRECTION ( 'NONE',  ( 0.000000000000000000, -0.000000000000000000, 1.000000000000000000 ) ) ;
#1208 = CARTESIAN_POINT ( 'NONE',  ( 1.066800000000013293, 2.006599999999999717, 0.4317999999999999616 ) ) ;
#1209 = VECTOR ( 'NONE', #2387, 1000.000000000000000 ) ;
#1210 = ORIENTED_EDGE ( 'NONE', *, *, #2215, .F. ) ;
#1211 = FACE_OUTER_BOUND ( 'NONE', #1901, .T. ) ;
#1212 = ORIENTED_EDGE ( 'NONE', *, *, #69, .F. ) ;
#1213 = VECTOR ( 'NONE', #1380, 1000.000000000000000 ) ;
#1214 = EDGE_LOOP ( 'NONE', ( #2091, #2720, #2055, #2427 ) ) ;
#1215 = DIRECTION ( 'NONE',  ( 0.000000000000000000, 0.000000000000000000, 1.000000000000000000 ) ) ;
#1216 = EDGE_CURVE ( 'NONE', #1411, #2142, #3429, .T. ) ;
#1217 = CARTESIAN_POINT ( 'NONE',  ( -0.6350000000000005640, 1.016000000000000014, -1.473200000000000509 ) ) ;
#1218 = VERTEX_POINT ( 'NONE', #3126 ) ;
#1219 = CARTESIAN_POINT ( 'NONE',  ( -1.905000000000000471, 1.016000000000000014, -1.473200000000000287 ) ) ;
#1220 = DIRECTION ( 'NONE',  ( -1.000000000000000000, 0.000000000000000000, -4.474122355134083266E-15 ) ) ;
#1221 = ORIENTED_EDGE ( 'NONE', *, *, #3421, .F. ) ;
#1222 = ADVANCED_FACE ( 'NONE', ( #3411 ), #1711, .F. ) ;
#1223 = DIRECTION ( 'NONE',  ( -1.000000000000000000, 0.000000000000000000, -2.667820306312756325E-16 ) ) ;
#1224 = LINE ( 'NONE', #335, #1522 ) ;
#1225 = EDGE_CURVE ( 'NONE', #1805, #2850, #922, .T. ) ;
#1226 = CARTESIAN_POINT ( 'NONE',  ( -0.1136258938000996449, 5.003799999999999137, 0.000000000000000000 ) ) ;
#1227 = DIRECTION ( 'NONE',  ( -1.000000000000000000, -0.000000000000000000, -2.667820306312756325E-16 ) ) ;
#1228 = FACE_OUTER_BOUND ( 'NONE', #1989, .T. ) ;
#1229 =( GEOMETRIC_REPRESENTATION_CONTEXT ( 3 ) GLOBAL_UNCERTAINTY_ASSIGNED_CONTEXT ( ( #3515 ) ) GLOBAL_UNIT_ASSIGNED_CONTEXT ( ( #975, #2897, #661 ) ) REPRESENTATION_CONTEXT ( 'NONE', 'WORKASPACE' ) );
#1230 = DIRECTION ( 'NONE',  ( -1.000000000000000000, -0.000000000000000000, -0.000000000000000000 ) ) ;
#1231 = ORIENTED_EDGE ( 'NONE', *, *, #3122, .T. ) ;
#1232 = LINE ( 'NONE', #3187, #2118 ) ;
#1233 = DIRECTION ( 'NONE',  ( 0.000000000000000000, 0.000000000000000000, 1.000000000000000000 ) ) ;
#1234 = PRESENTATION_LAYER_ASSIGNMENT (  '', '', ( #2584 ) ) ;
#1235 = ORIENTED_EDGE ( 'NONE', *, *, #788, .T. ) ;
#1236 = CARTESIAN_POINT ( 'NONE',  ( -1.066799999999999971, 1.016000000000000014, -0.8381999999999999451 ) ) ;
#1237 = CARTESIAN_POINT ( 'NONE',  ( -0.2032000000000000195, 0.7873999999999997668, -0.5841999999999992754 ) ) ;
#1238 = PRODUCT_DEFINITION_SHAPE ( 'NONE', 'NONE',  #3614 ) ;
#1239 = ORIENTED_EDGE ( 'NONE', *, *, #2748, .F. ) ;
#1240 = DIRECTION ( 'NONE',  ( 0.000000000000000000, 0.000000000000000000, 1.000000000000000000 ) ) ;
#1241 = CARTESIAN_POINT ( 'NONE',  ( -0.1136258938000995339, 0.3168258938000994007, -1.917699999999999072 ) ) ;
#1242 = PLANE ( 'NONE',  #1312 ) ;
#1243 = LINE ( 'NONE', #3214, #3279 ) ;
#1244 = DIRECTION ( 'NONE',  ( -0.000000000000000000, -0.1736481776669272781, -0.9848077530122086864 ) ) ;
#1245 = SURFACE_STYLE_USAGE ( .BOTH. , #2593 ) ;
#1246 = EDGE_CURVE ( 'NONE', #3577, #3191, #2025, .T. ) ;
#1247 = ORIENTED_EDGE ( 'NONE', *, *, #853, .T. ) ;
#1248 = LINE ( 'NONE', #1825, #590 ) ;
#1249 = DIRECTION ( 'NONE',  ( 2.667820306312756325E-16, 0.000000000000000000, -1.000000000000000000 ) ) ;
#1250 = ORIENTED_EDGE ( 'NONE', *, *, #3437, .T. ) ;
#1251 = CARTESIAN_POINT ( 'NONE',  ( 0.2032000000000000195, 4.495799999999989360, -0.2031999999999994921 ) ) ;
#1252 = ORIENTED_EDGE ( 'NONE', *, *, #2083, .T. ) ;
#1253 = LINE ( 'NONE', #1024, #2524 ) ;
#1254 = DIRECTION ( 'NONE',  ( 0.000000000000000000, 1.000000000000000000, 0.000000000000000000 ) ) ;
#1255 = DIRECTION ( 'NONE',  ( 0.1710878697460325448, -0.9702875252478150303, -0.1710878697460325448 ) ) ;
#1256 = VECTOR ( 'NONE', #803, 1000.000000000000114 ) ;
#1257 = SURFACE_STYLE_USAGE ( .BOTH. , #2694 ) ;
#1258 = DIRECTION ( 'NONE',  ( 0.000000000000000000, 1.000000000000000000, 0.000000000000000000 ) ) ;
#1259 = AXIS2_PLACEMENT_3D ( 'NONE', #1496, #619, #655 ) ;
#1260 = CARTESIAN_POINT ( 'NONE',  ( -0.2032000000000000195, 4.495799999999989360, 0.000000000000000000 ) ) ;
#1261 = ORIENTED_EDGE ( 'NONE', *, *, #2701, .F. ) ;
#1262 = DIRECTION ( 'NONE',  ( 0.3420201433256691015, -0.000000000000000000, -0.9396926207859083169 ) ) ;
#1263 = CARTESIAN_POINT ( 'NONE',  ( 0.000000000000000000, -2.097483175455093374E-18, -0.6350000000000007860 ) ) ;
#1264 = ADVANCED_FACE ( 'NONE', ( #83 ), #1191, .T. ) ;
#1265 = LINE ( 'NONE', #215, #3021 ) ;
#1266 = EDGE_CURVE ( 'NONE', #2889, #405, #1802, .T. ) ;
#1267 = EDGE_LOOP ( 'NONE', ( #2929, #264, #2007, #1722 ) ) ;
#1268 = CARTESIAN_POINT ( 'NONE',  ( 0.2032000000000000195, 0.000000000000000000, 0.000000000000000000 ) ) ;
#1269 = VECTOR ( 'NONE', #2054, 1000.000000000000000 ) ;
#1270 = EDGE_CURVE ( 'NONE', #2414, #492, #431, .T. ) ;
#1271 = ORIENTED_EDGE ( 'NONE', *, *, #1307, .T. ) ;
#1272 = DIRECTION ( 'NONE',  ( 0.000000000000000000, 1.000000000000000000, 0.000000000000000000 ) ) ;
#1273 = CARTESIAN_POINT ( 'NONE',  ( 0.2032000000000000195, 2.006599999999999717, 0.2032000000000002138 ) ) ;
#1274 = FACE_OUTER_BOUND ( 'NONE', #1205, .T. ) ;
#1275 = ORIENTED_EDGE ( 'NONE', *, *, #1065, .T. ) ;
#1276 = FACE_OUTER_BOUND ( 'NONE', #1082, .T. ) ;
#1277 = CARTESIAN_POINT ( 'NONE',  ( -0.2032000000000000195, 0.4063999999999995394, 9.912705577010316921E-17 ) ) ;
#1278 = LINE ( 'NONE', #1260, #1209 ) ;
#1279 = EDGE_CURVE ( 'NONE', #1785, #294, #154, .T. ) ;
#1280 = ORIENTED_EDGE ( 'NONE', *, *, #2284, .F. ) ;
#1281 = EDGE_CURVE ( 'NONE', #2849, #1661, #1857, .T. ) ;
#1282 = CARTESIAN_POINT ( 'NONE',  ( -0.2031999999999867246, 2.006599999999999717, 0.4317999999999999616 ) ) ;
#1283 = VECTOR ( 'NONE', #2908, 1000.000000000000000 ) ;
#1284 = EDGE_CURVE ( 'NONE', #3432, #987, #1839, .T. ) ;
#1285 = CARTESIAN_POINT ( 'NONE',  ( -0.4896035955532548334, 1.016000000000000014, 1.473200000000000065 ) ) ;
#1286 = VECTOR ( 'NONE', #2373, 1000.000000000000000 ) ;
#1287 = ORIENTED_EDGE ( 'NONE', *, *, #3392, .T. ) ;
#1288 = CARTESIAN_POINT ( 'NONE',  ( -0.2032000000000000195, 2.006599999999999717, 0.2032000000000002138 ) ) ;
#1289 = VECTOR ( 'NONE', #59, 1000.000000000000000 ) ;
#1290 = ORIENTED_EDGE ( 'NONE', *, *, #420, .F. ) ;
#1291 = CARTESIAN_POINT ( 'NONE',  ( 0.2032000000000000195, 0.4063999999999997059, -0.5841999999999993864 ) ) ;
#1292 = DIRECTION ( 'NONE',  ( 1.000000000000000000, 0.000000000000000000, -2.943801717310627941E-16 ) ) ;
#1293 = FACE_OUTER_BOUND ( 'NONE', #164, .T. ) ;
#1294 = MANIFOLD_SOLID_BREP ( 'Chamfer1', #995 ) ;
#1295 = ORIENTED_EDGE ( 'NONE', *, *, #260, .F. ) ;
#1296 = SURFACE_SIDE_STYLE ('',( #2937 ) ) ;
#1297 = PLANE ( 'NONE',  #3151 ) ;
#1298 = ORIENTED_EDGE ( 'NONE', *, *, #1559, .F. ) ;
#1299 = CARTESIAN_POINT ( 'NONE',  ( 0.2032000000000000195, 0.4063999999999998725, -1.409699999999988185 ) ) ;
#1300 = DIRECTION ( 'NONE',  ( 0.000000000000000000, 0.000000000000000000, 1.000000000000000000 ) ) ;
#1301 = CARTESIAN_POINT ( 'NONE',  ( 0.2032000000000000195, 0.9143999999999996575, -0.7111999999999992772 ) ) ;
#1302 = EDGE_LOOP ( 'NONE', ( #3095, #693, #1678, #2685 ) ) ;
#1303 = CARTESIAN_POINT ( 'NONE',  ( 0.7803964044467456285, 1.016000000000000014, -1.473199999999999621 ) ) ;
#1304 = VERTEX_POINT ( 'NONE', #3200 ) ;
#1305 = LINE ( 'NONE', #2985, #1820 ) ;
#1306 = UNCERTAINTY_MEASURE_WITH_UNIT (LENGTH_MEASURE( 1.000000000000000082E-05 ), #1788, 'distance_accuracy_value', 'NONE');
#1307 = EDGE_CURVE ( 'NONE', #2086, #386, #2951, .T. ) ;
#1308 = VECTOR ( 'NONE', #2958, 1000.000000000000000 ) ;
#1309 = DIRECTION ( 'NONE',  ( 0.000000000000000000, 0.000000000000000000, 1.000000000000000000 ) ) ;
#1310 = ORIENTED_EDGE ( 'NONE', *, *, #2841, .T. ) ;
#1311 = PLANE ( 'NONE',  #1052 ) ;
#1312 = AXIS2_PLACEMENT_3D ( 'NONE', #1870, #1891, #1837 ) ;
#1313 = PLANE ( 'NONE',  #1525 ) ;
#1314 = DIRECTION ( 'NONE',  ( 0.000000000000000000, -0.000000000000000000, 1.000000000000000000 ) ) ;
#1315 = ORIENTED_EDGE ( 'NONE', *, *, #3206, .F. ) ;
#1316 = DIRECTION ( 'NONE',  ( -1.000000000000000000, -0.000000000000000000, -2.667820306312756325E-16 ) ) ;
#1317 = DIRECTION ( 'NONE',  ( -0.000000000000000000, 1.000000000000000000, 0.000000000000000000 ) ) ;
#1318 = VECTOR ( 'NONE', #994, 1000.000000000000000 ) ;
#1319 = ORIENTED_EDGE ( 'NONE', *, *, #157, .F. ) ;
#1320 = ADVANCED_FACE ( 'NONE', ( #139 ), #447, .F. ) ;
#1321 = DIRECTION ( 'NONE',  ( -1.000000000000000000, -0.000000000000000000, 2.982748236756051040E-15 ) ) ;
#1322 = EDGE_CURVE ( 'NONE', #3164, #2341, #1558, .T. ) ;
#1323 = VERTEX_POINT ( 'NONE', #120 ) ;
#1324 = LINE ( 'NONE', #1039, #2235 ) ;
#1325 = ADVANCED_FACE ( 'NONE', ( #1228 ), #679, .F. ) ;
#1326 = CARTESIAN_POINT ( 'NONE',  ( 0.2032000000000000195, 4.702563639696180376E-17, 0.2032000000000006856 ) ) ;
#1327 = EDGE_CURVE ( 'NONE', #2024, #1423, #3483, .T. ) ;
#1328 = EDGE_LOOP ( 'NONE', ( #3558, #2809, #1398, #2573 ) ) ;
#1329 = DIRECTION ( 'NONE',  ( -1.000000000000000000, 0.000000000000000000, 0.000000000000000000 ) ) ;
#1330 = CARTESIAN_POINT ( 'NONE',  ( -0.6350000000000003419, 1.016000000000000014, -1.473200000000000287 ) ) ;
#1331 =( NAMED_UNIT ( * ) PLANE_ANGLE_UNIT ( ) SI_UNIT ( $, .RADIAN. ) );
#1332 = FACE_OUTER_BOUND ( 'NONE', #3059, .T. ) ;
#1333 = EDGE_LOOP ( 'NONE', ( #1026, #1585, #2621, #873 ) ) ;
#1334 = MANIFOLD_SOLID_BREP ( 'Chamfer2', #701 ) ;
#1335 = CARTESIAN_POINT ( 'NONE',  ( 1.066800000000000193, 2.006599999999999717, -0.8382000000000000561 ) ) ;
#1336 = SHAPE_DEFINITION_REPRESENTATION ( #76, #3438 ) ;
#1337 = ADVANCED_FACE ( 'NONE', ( #1665 ), #958, .F. ) ;
#1338 = DIRECTION ( 'NONE',  ( 0.1710878697460324616, 0.1710878697460324616, 0.9702875252478150303 ) ) ;
#1339 = VERTEX_POINT ( 'NONE', #772 ) ;
#1340 = ORIENTED_EDGE ( 'NONE', *, *, #2324, .T. ) ;
#1341 = AXIS2_PLACEMENT_3D ( 'NONE', #1219, #2873, #2342 ) ;
#1342 = CARTESIAN_POINT ( 'NONE',  ( 0.2032000000000000195, 0.9143999999999996575, 0.2032000000000004913 ) ) ;
#1343 = VECTOR ( 'NONE', #2542, 1000.000000000000000 ) ;
#1344 = VERTEX_POINT ( 'NONE', #1083 ) ;
#1345 = AXIS2_PLACEMENT_3D ( 'NONE', #2008, #1446, #2592 ) ;
#1346 = LINE ( 'NONE', #3544, #3168 ) ;
#1347 = CARTESIAN_POINT ( 'NONE',  ( -0.8635999999999989241, 1.016000000000000014, 1.701799999999999757 ) ) ;
#1348 = AXIS2_PLACEMENT_3D ( 'NONE', #168, #3478, #2965 ) ;
#1349 = ORIENTED_EDGE ( 'NONE', *, *, #540, .F. ) ;
#1350 = DIRECTION ( 'NONE',  ( 0.000000000000000000, 1.000000000000000000, 0.000000000000000000 ) ) ;
#1351 = DIRECTION ( 'NONE',  ( 2.667820306312756325E-16, 0.000000000000000000, -1.000000000000000000 ) ) ;
#1352 = EDGE_CURVE ( 'NONE', #2073, #1903, #2206, .T. ) ;
#1353 = CARTESIAN_POINT ( 'NONE',  ( -0.6350000000000003419, 2.006599999999999717, -1.473200000000000287 ) ) ;
#1354 = FACE_OUTER_BOUND ( 'NONE', #1144, .T. ) ;
#1355 = VERTEX_POINT ( 'NONE', #1386 ) ;
#1356 = CARTESIAN_POINT ( 'NONE',  ( -1.473199999999986742, 1.016000000000000014, 0.8382000000000000561 ) ) ;
#1357 = EDGE_CURVE ( 'NONE', #1833, #3577, #3317, .T. ) ;
#1358 = ORIENTED_EDGE ( 'NONE', *, *, #1944, .T. ) ;
#1359 = CARTESIAN_POINT ( 'NONE',  ( -0.8635999999999989241, 2.006599999999999717, 1.701799999999999757 ) ) ;
#1360 = DIRECTION ( 'NONE',  ( -0.000000000000000000, -0.1736481776669272226, -0.9848077530122086864 ) ) ;
#1361 = ORIENTED_EDGE ( 'NONE', *, *, #2682, .F. ) ;
#1362 = PRODUCT_DEFINITION_CONTEXT ( 'detailed design', #3586, 'design' ) ;
#1363 = CARTESIAN_POINT ( 'NONE',  ( -0.2031999999999999640, 1.016000000000000014, -0.4318000000000000171 ) ) ;
#1364 = ORIENTED_EDGE ( 'NONE', *, *, #1266, .F. ) ;
#1365 = CARTESIAN_POINT ( 'NONE',  ( 0.1136258938000996449, 5.003799999999999137, -0.1136258938000991314 ) ) ;
#1366 = ADVANCED_FACE ( 'NONE', ( #1952 ), #2498, .T. ) ;
#1367 = DIRECTION ( 'NONE',  ( 0.000000000000000000, 1.000000000000000000, 0.000000000000000000 ) ) ;
#1368 = PLANE ( 'NONE',  #3363 ) ;
#1369 = CARTESIAN_POINT ( 'NONE',  ( -1.676400000000000334, 1.016000000000000014, 1.701799999999999979 ) ) ;
#1370 = AXIS2_PLACEMENT_3D ( 'NONE', #106, #2942, #1546 ) ;
#1371 = ORIENTED_EDGE ( 'NONE', *, *, #2590, .F. ) ;
#1372 = FACE_OUTER_BOUND ( 'NONE', #1107, .T. ) ;
#1373 = ITEM_DEFINED_TRANSFORMATION ( 'NONE', 'NONE', #2674,  #2087 ) ;
#1374 = LINE ( 'NONE', #544, #3362 ) ;
#1375 = ORIENTED_EDGE ( 'NONE', *, *, #3086, .T. ) ;
#1376 = EDGE_CURVE ( 'NONE', #1833, #2475, #1964, .T. ) ;
#1377 = ORIENTED_EDGE ( 'NONE', *, *, #309, .T. ) ;
#1378 = DIRECTION ( 'NONE',  ( -0.3420201433256684354, -0.000000000000000000, -0.9396926207859085389 ) ) ;
#1379 = ADVANCED_FACE ( 'NONE', ( #3282 ), #1313, .T. ) ;
#1380 = DIRECTION ( 'NONE',  ( -1.000000000000000000, -0.000000000000000000, -2.667820306312756325E-16 ) ) ;
#1381 = AXIS2_PLACEMENT_3D ( 'NONE', #3284, #1954, #518 ) ;
#1382 = ORIENTED_EDGE ( 'NONE', *, *, #667, .F. ) ;
#1383 = EDGE_CURVE ( 'NONE', #3361, #1445, #3008, .T. ) ;
#1384 = DIRECTION ( 'NONE',  ( 0.000000000000000000, 1.000000000000000000, 0.000000000000000000 ) ) ;
#1385 = VERTEX_POINT ( 'NONE', #1894 ) ;
#1386 = CARTESIAN_POINT ( 'NONE',  ( -1.066799999999986648, 2.006599999999999717, 0.4318000000000000727 ) ) ;
#1387 = DIRECTION ( 'NONE',  ( 0.000000000000000000, 1.032225972172778152E-17, -1.000000000000000000 ) ) ;
#1388 = ORIENTED_EDGE ( 'NONE', *, *, #667, .T. ) ;
#1389 = DIRECTION ( 'NONE',  ( -0.3420201433256684354, 0.000000000000000000, -0.9396926207859085389 ) ) ;
#1390 = ITEM_DEFINED_TRANSFORMATION ( 'NONE', 'NONE', #750,  #2087 ) ;
#1391 = DIRECTION ( 'NONE',  ( 0.000000000000000000, 1.000000000000000000, 0.000000000000000000 ) ) ;
#1392 = ORIENTED_EDGE ( 'NONE', *, *, #304, .F. ) ;
#1393 = ORIENTED_EDGE ( 'NONE', *, *, #3074, .F. ) ;
#1394 = CARTESIAN_POINT ( 'NONE',  ( -0.4064000000000003165, 1.016000000000000014, -1.701799999999999757 ) ) ;
#1395 = AXIS2_PLACEMENT_3D ( 'NONE', #3133, #1397, #1143 ) ;
#1396 = ADVANCED_FACE ( 'NONE', ( #225 ), #842, .T. ) ;
#1397 = DIRECTION ( 'NONE',  ( 1.000000000000000000, -0.000000000000000000, 0.000000000000000000 ) ) ;
#1398 = ORIENTED_EDGE ( 'NONE', *, *, #1545, .F. ) ;
#1399 = VECTOR ( 'NONE', #1321, 1000.000000000000000 ) ;
#1400 = CARTESIAN_POINT ( 'NONE',  ( 1.066800000000000193, 1.016000000000000014, -0.4318000000000000171 ) ) ;
#1401 = EDGE_CURVE ( 'NONE', #1966, #418, #1909, .T. ) ;
#1402 = ORIENTED_EDGE ( 'NONE', *, *, #3493, .F. ) ;
#1403 = VECTOR ( 'NONE', #2355, 1000.000000000000000 ) ;
#1404 = CARTESIAN_POINT ( 'NONE',  ( 1.676399999999999446, 1.016000000000000014, -1.701800000000000201 ) ) ;
#1405 = FACE_OUTER_BOUND ( 'NONE', #3, .T. ) ;
#1406 = MECHANICAL_DESIGN_GEOMETRIC_PRESENTATION_REPRESENTATION (  '', ( #2995 ), #1057 ) ;
#1407 = CARTESIAN_POINT ( 'NONE',  ( 1.066800000000000193, 1.016000000000000014, -0.4318000000000000171 ) ) ;
#1408 = ORIENTED_EDGE ( 'NONE', *, *, #92, .T. ) ;
#1409 = LINE ( 'NONE', #2795, #884 ) ;
#1410 = CARTESIAN_POINT ( 'NONE',  ( 1.066800000000013293, 1.016000000000000014, 0.8382000000000000561 ) ) ;
#1411 = VERTEX_POINT ( 'NONE', #1064 ) ;
#1412 = ORIENTED_EDGE ( 'NONE', *, *, #908, .F. ) ;
#1413 = CARTESIAN_POINT ( 'NONE',  ( -1.473199999999986742, 1.016000000000000014, 0.8382000000000000561 ) ) ;
#1414 = LINE ( 'NONE', #3079, #3504 ) ;
#1415 = VERTEX_POINT ( 'NONE', #2442 ) ;
#1416 = CARTESIAN_POINT ( 'NONE',  ( 0.2032000000000000195, 0.08957410619990048561, -1.917699999999999072 ) ) ;
#1417 = EDGE_CURVE ( 'NONE', #2380, #758, #3549, .T. ) ;
#1418 = VERTEX_POINT ( 'NONE', #1932 ) ;
#1419 = EDGE_CURVE ( 'NONE', #3377, #2001, #3047, .T. ) ;
#1420 = CARTESIAN_POINT ( 'NONE',  ( 0.6349999999999994538, 2.006599999999999717, -1.473200000000000509 ) ) ;
#1421 = CARTESIAN_POINT ( 'NONE',  ( 0.2032000000000000195, 2.006599999999999717, 0.000000000000000000 ) ) ;
#1422 = DIRECTION ( 'NONE',  ( 0.000000000000000000, 1.000000000000000000, 0.000000000000000000 ) ) ;
#1423 = VERTEX_POINT ( 'NONE', #2187 ) ;
#1424 = CARTESIAN_POINT ( 'NONE',  ( -0.6350000000000003419, 1.016000000000000014, 1.473200000000000065 ) ) ;
#1425 = ITEM_DEFINED_TRANSFORMATION ( 'NONE', 'NONE', #219,  #2087 ) ;
#1426 = EDGE_LOOP ( 'NONE', ( #1886, #1315, #2676, #3077 ) ) ;
#1427 = ORIENTED_EDGE ( 'NONE', *, *, #1537, .T. ) ;
#1428 = LINE ( 'NONE', #2558, #6 ) ;
#1429 = AXIS2_PLACEMENT_3D ( 'NONE', #990, #2710, #497 ) ;
#1430 = CARTESIAN_POINT ( 'NONE',  ( -0.2032000000000000195, 4.702563639696180376E-17, 0.2032000000000006856 ) ) ;
#1431 = EDGE_CURVE ( 'NONE', #379, #3371, #1528, .T. ) ;
#1432 = ORIENTED_EDGE ( 'NONE', *, *, #60, .T. ) ;
#1433 = CARTESIAN_POINT ( 'NONE',  ( 0.2032000000000000195, 2.006599999999999717, 0.2032000000000002138 ) ) ;
#1434 = VECTOR ( 'NONE', #32, 1000.000000000000000 ) ;
#1435 = ADVANCED_FACE ( 'NONE', ( #2773 ), #2273, .F. ) ;
#1436 = FACE_OUTER_BOUND ( 'NONE', #2196, .T. ) ;
#1437 = ORIENTED_EDGE ( 'NONE', *, *, #778, .F. ) ;
#1438 = VECTOR ( 'NONE', #919, 1000.000000000000000 ) ;
#1439 = DIRECTION ( 'NONE',  ( -1.000000000000000000, -0.000000000000000000, -2.667820306312756325E-16 ) ) ;
#1440 = ADVANCED_FACE ( 'NONE', ( #3176 ), #605, .F. ) ;
#1441 = CARTESIAN_POINT ( 'NONE',  ( 0.2032000000000000195, 0.000000000000000000, -1.409699999999988185 ) ) ;
#1442 = PRODUCT_DEFINITION_FORMATION_WITH_SPECIFIED_SOURCE ( 'ANY', '', #656, .NOT_KNOWN. ) ;
#1443 = ADVANCED_FACE ( 'NONE', ( #3368 ), #354, .F. ) ;
#1444 = CARTESIAN_POINT ( 'NONE',  ( -1.905000000000000471, 2.006599999999999717, -1.473200000000000287 ) ) ;
#1445 = VERTEX_POINT ( 'NONE', #1420 ) ;
#1446 = DIRECTION ( 'NONE',  ( 0.000000000000000000, -0.9848077530122086864, 0.1736481776669271948 ) ) ;
#1447 = EDGE_CURVE ( 'NONE', #1618, #1423, #1724, .T. ) ;
#1448 =( LENGTH_UNIT ( ) NAMED_UNIT ( * ) SI_UNIT ( .MILLI., .METRE. ) );
#1449 = VERTEX_POINT ( 'NONE', #1686 ) ;
#1450 = ORIENTED_EDGE ( 'NONE', *, *, #1771, .F. ) ;
#1451 = CARTESIAN_POINT ( 'NONE',  ( 1.473200000000000287, 1.016000000000000014, -0.4318000000000000171 ) ) ;
#1452 = DIRECTION ( 'NONE',  ( -5.335640612625515608E-16, 0.000000000000000000, -1.000000000000000000 ) ) ;
#1453 = ORIENTED_EDGE ( 'NONE', *, *, #69, .T. ) ;
#1454 = VECTOR ( 'NONE', #1960, 1000.000000000000000 ) ;
#1455 = DIRECTION ( 'NONE',  ( 0.000000000000000000, 1.000000000000000000, 0.000000000000000000 ) ) ;
#1456 = PLANE ( 'NONE',  #2962 ) ;
#1457 = ORIENTED_EDGE ( 'NONE', *, *, #1545, .T. ) ;
#1458 = COLOUR_RGB ( '',0.2509803921568627416, 0.2509803921568627416, 0.2509803921568627416 ) ;
#1459 = FACE_OUTER_BOUND ( 'NONE', #2771, .T. ) ;
#1460 = VECTOR ( 'NONE', #2946, 1000.000000000000000 ) ;
#1461 = FACE_OUTER_BOUND ( 'NONE', #1484, .T. ) ;
#1462 = LINE ( 'NONE', #2333, #2675 ) ;
#1463 = VECTOR ( 'NONE', #749, 1000.000000000000114 ) ;
#1464 = ORIENTED_EDGE ( 'NONE', *, *, #2308, .T. ) ;
#1465 = CARTESIAN_POINT ( 'NONE',  ( -1.905000000000000471, 1.016000000000000014, 1.473200000000000065 ) ) ;
#1466 = EDGE_CURVE ( 'NONE', #1344, #1487, #863, .T. ) ;
#1467 = AXIS2_PLACEMENT_3D ( 'NONE', #2277, #1748, #1170 ) ;
#1468 = FILL_AREA_STYLE ('',( #3451 ) ) ;
#1469 = ORIENTED_EDGE ( 'NONE', *, *, #735, .F. ) ;
#1470 = VECTOR ( 'NONE', #210, 1000.000000000000000 ) ;
#1471 = ORIENTED_EDGE ( 'NONE', *, *, #2305, .T. ) ;
#1472 = LINE ( 'NONE', #905, #130 ) ;
#1473 = CARTESIAN_POINT ( 'NONE',  ( 0.000000000000000000, 0.000000000000000000, 0.000000000000000000 ) ) ;
#1474 = EDGE_CURVE ( 'NONE', #1774, #3083, #2060, .T. ) ;
#1475 = CARTESIAN_POINT ( 'NONE',  ( -1.676400000000000334, 1.016000000000000014, -1.701799999999999757 ) ) ;
#1476 = EDGE_LOOP ( 'NONE', ( #2769, #3112, #1971, #3195 ) ) ;
#1477 = DIRECTION ( 'NONE',  ( 0.000000000000000000, 1.000000000000000000, 0.000000000000000000 ) ) ;
#1478 = CARTESIAN_POINT ( 'NONE',  ( 1.066800000000000193, 1.016000000000000014, -0.8382000000000000561 ) ) ;
#1479 = EDGE_LOOP ( 'NONE', ( #328, #479, #690, #1510 ) ) ;
#1480 = CARTESIAN_POINT ( 'NONE',  ( -0.2031999999999867246, 1.016000000000000014, 0.8382000000000000561 ) ) ;
#1481 = DIRECTION ( 'NONE',  ( -1.000000000000000000, -0.000000000000000000, -0.000000000000000000 ) ) ;
#1482 = PLANE ( 'NONE',  #341 ) ;
#1483 = EDGE_CURVE ( 'NONE', #2568, #3539, #334, .T. ) ;
#1484 = EDGE_LOOP ( 'NONE', ( #1685, #1732, #94, #2126 ) ) ;
#1485 = PLANE ( 'NONE',  #1171 ) ;
#1486 = CARTESIAN_POINT ( 'NONE',  ( 0.6350000000000003419, 2.006599999999999717, 1.473199999999999843 ) ) ;
#1487 = VERTEX_POINT ( 'NONE', #2021 ) ;
#1488 = EDGE_LOOP ( 'NONE', ( #2394, #1210, #669, #3071 ) ) ;
#1489 = DIRECTION ( 'NONE',  ( 0.000000000000000000, 1.000000000000000000, 0.000000000000000000 ) ) ;
#1490 = DIRECTION ( 'NONE',  ( 0.000000000000000000, 1.000000000000000000, 0.000000000000000000 ) ) ;
#1491 = EDGE_CURVE ( 'NONE', #846, #1304, #2585, .T. ) ;
#1492 = ORIENTED_EDGE ( 'NONE', *, *, #2906, .T. ) ;
#1493 = CARTESIAN_POINT ( 'NONE',  ( -1.066799999999986648, 1.016000000000000014, 0.8382000000000000561 ) ) ;
#1494 = EDGE_CURVE ( 'NONE', #1339, #2086, #877, .T. ) ;
#1495 = VECTOR ( 'NONE', #1160, 1000.000000000000000 ) ;
#1496 = CARTESIAN_POINT ( 'NONE',  ( 0.2032000000000000195, 2.006599999999999717, 0.000000000000000000 ) ) ;
#1497 = ORIENTED_EDGE ( 'NONE', *, *, #1628, .F. ) ;
#1498 = FACE_OUTER_BOUND ( 'NONE', #2249, .T. ) ;
#1499 =( GEOMETRIC_REPRESENTATION_CONTEXT ( 3 ) GLOBAL_UNCERTAINTY_ASSIGNED_CONTEXT ( ( #2420 ) ) GLOBAL_UNIT_ASSIGNED_CONTEXT ( ( #3147, #1192, #1523 ) ) REPRESENTATION_CONTEXT ( 'NONE', 'WORKASPACE' ) );
#1500 = LINE ( 'NONE', #1744, #2821 ) ;
#1501 = DIRECTION ( 'NONE',  ( 0.3420201433256691015, -0.000000000000000000, -0.9396926207859083169 ) ) ;
#1502 = LINE ( 'NONE', #1800, #1815 ) ;
#1503 = CARTESIAN_POINT ( 'NONE',  ( 0.4896035955532533346, 2.006599999999999717, -1.473200000000000065 ) ) ;
#1504 = VECTOR ( 'NONE', #38, 1000.000000000000000 ) ;
#1505 = CARTESIAN_POINT ( 'NONE',  ( 1.066800000000000193, 2.006599999999999717, -0.8382000000000000561 ) ) ;
#1506 = VERTEX_POINT ( 'NONE', #587 ) ;
#1507 = CARTESIAN_POINT ( 'NONE',  ( -0.4896035955532543893, 2.006599999999999717, -1.473199999999999621 ) ) ;
#1508 = DIRECTION ( 'NONE',  ( 0.000000000000000000, 0.000000000000000000, 1.000000000000000000 ) ) ;
#1509 = DIRECTION ( 'NONE',  ( 0.9848077530122086864, 0.000000000000000000, 0.1736481776669271948 ) ) ;
#1510 = ORIENTED_EDGE ( 'NONE', *, *, #1555, .F. ) ;
#1511 = DIRECTION ( 'NONE',  ( 0.3420201433256691015, -0.000000000000000000, -0.9396926207859083169 ) ) ;
#1512 = DIRECTION ( 'NONE',  ( -0.9396926207859076507, 0.000000000000000000, 0.3420201433256709889 ) ) ;
#1513 = ORIENTED_EDGE ( 'NONE', *, *, #2927, .T. ) ;
#1514 = CARTESIAN_POINT ( 'NONE',  ( 0.2032000000000001583, 2.006599999999999717, -0.8381999999999999451 ) ) ;
#1515 = ADVANCED_FACE ( 'NONE', ( #1459 ), #2547, .F. ) ;
#1516 = LINE ( 'NONE', #2642, #3385 ) ;
#1517 = DIRECTION ( 'NONE',  ( -1.000000000000000000, -0.000000000000000000, -0.000000000000000000 ) ) ;
#1518 = VECTOR ( 'NONE', #3193, 1000.000000000000000 ) ;
#1519 = CARTESIAN_POINT ( 'NONE',  ( -0.2031999999999999640, 1.016000000000000014, -0.4318000000000000171 ) ) ;
#1520 = CARTESIAN_POINT ( 'NONE',  ( 0.2032000000000000195, 4.495799999999989360, 0.2031999999999996587 ) ) ;
#1521 = AXIS2_PLACEMENT_3D ( 'NONE', #2234, #3344, #3078 ) ;
#1522 = VECTOR ( 'NONE', #1762, 1000.000000000000000 ) ;
#1523 =( NAMED_UNIT ( * ) SI_UNIT ( $, .STERADIAN. ) SOLID_ANGLE_UNIT ( ) );
#1524 = ORIENTED_EDGE ( 'NONE', *, *, #2906, .F. ) ;
#1525 = AXIS2_PLACEMENT_3D ( 'NONE', #1101, #2456, #2514 ) ;
#1526 = DIRECTION ( 'NONE',  ( -1.000000000000000000, 0.000000000000000000, 0.000000000000000000 ) ) ;
#1527 = LINE ( 'NONE', #651, #3310 ) ;
#1528 = CIRCLE ( 'NONE', #3402, 0.9143999999999996575 ) ;
#1529 = ORIENTED_EDGE ( 'NONE', *, *, #3598, .T. ) ;
#1530 = DIRECTION ( 'NONE',  ( 0.000000000000000000, 1.000000000000000000, 0.000000000000000000 ) ) ;
#1531 = APPLICATION_CONTEXT ( 'automotive_design' ) ;
#1532 = PRODUCT_DEFINITION_SHAPE ( 'NONE', 'NONE',  #3613 ) ;
#1533 = VERTEX_POINT ( 'NONE', #2042 ) ;
#1534 = FACE_OUTER_BOUND ( 'NONE', #1884, .T. ) ;
#1535 = DIRECTION ( 'NONE',  ( -1.000000000000000000, 0.000000000000000000, 5.335640612625515608E-16 ) ) ;
#1536 = CARTESIAN_POINT ( 'NONE',  ( 0.2032000000000000195, 7.341191114092791373E-18, -0.7111999999999992772 ) ) ;
#1537 = EDGE_CURVE ( 'NONE', #307, #2568, #1743, .T. ) ;
#1538 = SHAPE_REPRESENTATION ( 'Pin - Gold and Tin', ( #2087 ), #2144 ) ;
#1539 = FILL_AREA_STYLE_COLOUR ( '', #3223 ) ;
#1540 =( LENGTH_UNIT ( ) NAMED_UNIT ( * ) SI_UNIT ( .MILLI., .METRE. ) );
#1541 = ADVANCED_FACE ( 'NONE', ( #1147 ), #3157, .F. ) ;
#1542 = DIRECTION ( 'NONE',  ( -0.000000000000000000, 7.714179198976647231E-17, 1.000000000000000000 ) ) ;
#1543 = ORIENTED_EDGE ( 'NONE', *, *, #2932, .T. ) ;
#1544 = CARTESIAN_POINT ( 'NONE',  ( 0.2032000000000000195, 2.006599999999999717, 0.2032000000000002138 ) ) ;
#1545 = EDGE_CURVE ( 'NONE', #3087, #3017, #897, .T. ) ;
#1546 = DIRECTION ( 'NONE',  ( 0.000000000000000000, 0.000000000000000000, -1.000000000000000000 ) ) ;
#1547 = EDGE_LOOP ( 'NONE', ( #3312, #2076, #1432, #1561 ) ) ;
#1548 = DIRECTION ( 'NONE',  ( 0.000000000000000000, 1.000000000000000000, 0.000000000000000000 ) ) ;
#1549 = VECTOR ( 'NONE', #1338, 1000.000000000000000 ) ;
#1550 = ORIENTED_EDGE ( 'NONE', *, *, #527, .F. ) ;
#1551 = FACE_OUTER_BOUND ( 'NONE', #562, .T. ) ;
#1552 = EDGE_CURVE ( 'NONE', #2354, #846, #3406, .T. ) ;
#1553 = CARTESIAN_POINT ( 'NONE',  ( 0.2032000000000000195, 0.4063999999999997059, 7.304098846218131956E-17 ) ) ;
#1554 = FACE_OUTER_BOUND ( 'NONE', #3184, .T. ) ;
#1555 = EDGE_CURVE ( 'NONE', #3297, #2578, #1187, .T. ) ;
#1556 = EDGE_LOOP ( 'NONE', ( #3148, #1051, #343, #2688 ) ) ;
#1557 = AXIS2_PLACEMENT_3D ( 'NONE', #637, #2309, #874 ) ;
#1558 = LINE ( 'NONE', #1574, #1767 ) ;
#1559 = EDGE_CURVE ( 'NONE', #2469, #2354, #3424, .T. ) ;
#1560 = DIRECTION ( 'NONE',  ( -0.9396926207859076507, 0.000000000000000000, 0.3420201433256709889 ) ) ;
#1561 = ORIENTED_EDGE ( 'NONE', *, *, #3551, .T. ) ;
#1562 = LINE ( 'NONE', #2716, #3563 ) ;
#1563 = LINE ( 'NONE', #179, #2722 ) ;
#1564 = EDGE_LOOP ( 'NONE', ( #2537, #276, #1958, #2763 ) ) ;
#1565 = CARTESIAN_POINT ( 'NONE',  ( -1.676400000000000334, 1.016000000000000014, 1.701799999999999979 ) ) ;
#1566 = ORIENTED_EDGE ( 'NONE', *, *, #3020, .F. ) ;
#1567 = DIRECTION ( 'NONE',  ( 0.000000000000000000, 1.000000000000000000, 0.000000000000000000 ) ) ;
#1568 = UNCERTAINTY_MEASURE_WITH_UNIT (LENGTH_MEASURE( 1.000000000000000082E-05 ), #1951, 'distance_accuracy_value', 'NONE');
#1569 = CARTESIAN_POINT ( 'NONE',  ( -1.905000000000000471, 1.016000000000000014, 1.473200000000000065 ) ) ;
#1570 = CARTESIAN_POINT ( 'NONE',  ( -0.2031999999999867246, 2.006599999999999717, 0.8382000000000000561 ) ) ;
#1571 = ORIENTED_EDGE ( 'NONE', *, *, #372, .F. ) ;
#1572 = FILL_AREA_STYLE ('',( #1539 ) ) ;
#1573 = VECTOR ( 'NONE', #933, 1000.000000000000000 ) ;
#1574 = CARTESIAN_POINT ( 'NONE',  ( 0.2032000000000000195, 0.4063999999999998169, -0.7111999999999993882 ) ) ;
#1575 = DIRECTION ( 'NONE',  ( -0.000000000000000000, 1.000000000000000000, 0.000000000000000000 ) ) ;
#1576 = VERTEX_POINT ( 'NONE', #1404 ) ;
#1577 = LINE ( 'NONE', #997, #1819 ) ;
#1578 = CARTESIAN_POINT ( 'NONE',  ( 0.000000000000000000, 0.000000000000000000, 0.000000000000000000 ) ) ;
#1579 = AXIS2_PLACEMENT_3D ( 'NONE', #2861, #377, #3142 ) ;
#1580 = DIRECTION ( 'NONE',  ( -1.000000000000000000, 0.000000000000000000, -0.000000000000000000 ) ) ;
#1581 = EDGE_CURVE ( 'NONE', #3453, #3490, #2533, .T. ) ;
#1582 = VECTOR ( 'NONE', #3578, 1000.000000000000000 ) ;
#1583 = VERTEX_POINT ( 'NONE', #3210 ) ;
#1584 = CARTESIAN_POINT ( 'NONE',  ( 0.2032000000000001583, 1.016000000000000014, -0.8381999999999999451 ) ) ;
#1585 = ORIENTED_EDGE ( 'NONE', *, *, #1246, .T. ) ;
#1586 = CARTESIAN_POINT ( 'NONE',  ( -1.676400000000000334, 2.006599999999999717, -1.701799999999999757 ) ) ;
#1587 = FACE_OUTER_BOUND ( 'NONE', #730, .T. ) ;
#1588 = ORIENTED_EDGE ( 'NONE', *, *, #2149, .T. ) ;
#1589 = PRESENTATION_STYLE_ASSIGNMENT (( #3281 ) ) ;
#1590 = DIRECTION ( 'NONE',  ( 0.1710878697460325171, 0.9702875252478149193, -0.1710878697460324893 ) ) ;
#1591 = EDGE_CURVE ( 'NONE', #2828, #1062, #1796, .T. ) ;
#1592 = CARTESIAN_POINT ( 'NONE',  ( 0.1136258938000995339, 1.790975961422808575E-17, -1.917699999999999072 ) ) ;
#1593 = ORIENTED_EDGE ( 'NONE', *, *, #572, .T. ) ;
#1594 = CARTESIAN_POINT ( 'NONE',  ( 0.4896035955532551665, 1.016000000000000014, 1.473199999999999843 ) ) ;
#1595 = DIRECTION ( 'NONE',  ( 1.000000000000000000, 0.000000000000000000, 0.000000000000000000 ) ) ;
#1596 = ADVANCED_FACE ( 'NONE', ( #1551 ), #2689, .F. ) ;
#1597 = LINE ( 'NONE', #1285, #2084 ) ;
#1598 = ORIENTED_EDGE ( 'NONE', *, *, #89, .F. ) ;
#1599 = CARTESIAN_POINT ( 'NONE',  ( -0.2032000000000000195, -1.567521213232048210E-17, -0.2031999999999991313 ) ) ;
#1600 = EDGE_CURVE ( 'NONE', #2469, #2310, #1253, .T. ) ;
#1601 = ORIENTED_EDGE ( 'NONE', *, *, #3048, .T. ) ;
#1602 = ADVANCED_FACE ( 'NONE', ( #1498 ), #186, .F. ) ;
#1603 = DIRECTION ( 'NONE',  ( 0.000000000000000000, -0.000000000000000000, 1.000000000000000000 ) ) ;
#1604 = AXIS2_PLACEMENT_3D ( 'NONE', #3473, #965, #1807 ) ;
#1605 = LINE ( 'NONE', #2658, #1847 ) ;
#1606 = ORIENTED_EDGE ( 'NONE', *, *, #3505, .F. ) ;
#1607 = EDGE_CURVE ( 'NONE', #1418, #2475, #2345, .T. ) ;
#1608 = DIRECTION ( 'NONE',  ( -0.3420201433256692125, 0.000000000000000000, 0.9396926207859083169 ) ) ;
#1609 = CARTESIAN_POINT ( 'NONE',  ( 0.1136258938000995339, 1.979499746835735956E-17, -1.917699999999999072 ) ) ;
#1610 = CARTESIAN_POINT ( 'NONE',  ( 0.1136258938000995339, 0.08957410619990048561, -1.917699999999999072 ) ) ;
#1611 = DIRECTION ( 'NONE',  ( -1.000000000000000000, 0.000000000000000000, 0.000000000000000000 ) ) ;
#1612 = ORIENTED_EDGE ( 'NONE', *, *, #1352, .T. ) ;
#1613 = DIRECTION ( 'NONE',  ( 0.9848077530122086864, -0.1736481776669272503, 0.000000000000000000 ) ) ;
#1614 = STYLED_ITEM ( 'NONE', ( #3162 ), #2596 ) ;
#1615 = CARTESIAN_POINT ( 'NONE',  ( 1.270000000000000018, 2.006599999999999717, 0.000000000000000000 ) ) ;
#1616 = VERTEX_POINT ( 'NONE', #406 ) ;
#1617 = VECTOR ( 'NONE', #1517, 1000.000000000000000 ) ;
#1618 = VERTEX_POINT ( 'NONE', #1291 ) ;
#1619 = CARTESIAN_POINT ( 'NONE',  ( 0.4063999999999994839, 2.006599999999999717, -1.701800000000000201 ) ) ;
#1620 = AXIS2_PLACEMENT_3D ( 'NONE', #347, #1452, #2576 ) ;
#1621 = EDGE_LOOP ( 'NONE', ( #1758, #2977, #3357, #2987 ) ) ;
#1622 = EDGE_CURVE ( 'NONE', #258, #196, #426, .T. ) ;
#1623 = LINE ( 'NONE', #2708, #1702 ) ;
#1624 = LINE ( 'NONE', #1081, #3252 ) ;
#1625 = VERTEX_POINT ( 'NONE', #1514 ) ;
#1626 = DIRECTION ( 'NONE',  ( 0.000000000000000000, 0.000000000000000000, 1.000000000000000000 ) ) ;
#1627 =( LENGTH_UNIT ( ) NAMED_UNIT ( * ) SI_UNIT ( .MILLI., .METRE. ) );
#1628 = EDGE_CURVE ( 'NONE', #916, #1642, #2419, .T. ) ;
#1629 = CARTESIAN_POINT ( 'NONE',  ( 1.904999999999999583, 2.006599999999999717, -1.473200000000000509 ) ) ;
#1630 = LINE ( 'NONE', #553, #2800 ) ;
#1631 = ORIENTED_EDGE ( 'NONE', *, *, #1284, .T. ) ;
#1632 = CARTESIAN_POINT ( 'NONE',  ( -0.1136258938000995339, 0.3168258938000995117, -1.917699999999999072 ) ) ;
#1633 =( NAMED_UNIT ( * ) SI_UNIT ( $, .STERADIAN. ) SOLID_ANGLE_UNIT ( ) );
#1634 = ORIENTED_EDGE ( 'NONE', *, *, #1419, .F. ) ;
#1635 = EDGE_LOOP ( 'NONE', ( #928, #1030, #2467, #3494 ) ) ;
#1636 = VECTOR ( 'NONE', #3066, 1000.000000000000000 ) ;
#1637 = LINE ( 'NONE', #1959, #1167 ) ;
#1638 = AXIS2_PLACEMENT_3D ( 'NONE', #1421, #588, #1207 ) ;
#1639 = CARTESIAN_POINT ( 'NONE',  ( 0.2032000000000000195, 4.495799999999989360, 0.2031999999999995199 ) ) ;
#1640 = VECTOR ( 'NONE', #3131, 1000.000000000000000 ) ;
#1641 = ADVANCED_FACE ( 'NONE', ( #2364 ), #2399, .F. ) ;
#1642 = VERTEX_POINT ( 'NONE', #2077 ) ;
#1643 = VECTOR ( 'NONE', #1782, 1000.000000000000000 ) ;
#1644 = LINE ( 'NONE', #1326, #1912 ) ;
#1645 = VECTOR ( 'NONE', #2605, 1000.000000000000000 ) ;
#1646 = ORIENTED_EDGE ( 'NONE', *, *, #250, .T. ) ;
#1647 = CARTESIAN_POINT ( 'NONE',  ( -0.4064000000000003165, 2.006599999999999717, 1.701799999999999979 ) ) ;
#1648 = DIRECTION ( 'NONE',  ( 0.000000000000000000, 0.000000000000000000, -1.000000000000000000 ) ) ;
#1649 = CARTESIAN_POINT ( 'NONE',  ( 1.066800000000013293, 1.016000000000000014, 0.8382000000000000561 ) ) ;
#1650 = EDGE_CURVE ( 'NONE', #2578, #2414, #953, .T. ) ;
#1651 = DIRECTION ( 'NONE',  ( -1.000000000000000000, -0.000000000000000000, -2.667820306312756325E-16 ) ) ;
#1652 = ORIENTED_EDGE ( 'NONE', *, *, #2097, .T. ) ;
#1653 = FACE_OUTER_BOUND ( 'NONE', #2338, .T. ) ;
#1654 = CONTEXT_DEPENDENT_SHAPE_REPRESENTATION ( #2151, #430 ) ;
#1655 = ADVANCED_FACE ( 'NONE', ( #2931 ), #658, .F. ) ;
#1656 = LINE ( 'NONE', #3323, #2207 ) ;
#1657 = ORIENTED_EDGE ( 'NONE', *, *, #1968, .F. ) ;
#1658 = LINE ( 'NONE', #1973, #1001 ) ;
#1659 = ADVANCED_FACE ( 'NONE', ( #1534 ), #2656, .T. ) ;
#1660 = CARTESIAN_POINT ( 'NONE',  ( -0.2031999999999999640, 2.006599999999999717, -0.8382000000000000561 ) ) ;
#1661 = VERTEX_POINT ( 'NONE', #3244 ) ;
#1662 = PLANE ( 'NONE',  #1735 ) ;
#1663 = ORIENTED_EDGE ( 'NONE', *, *, #2974, .F. ) ;
#1664 = DIRECTION ( 'NONE',  ( -0.9396926207859083169, 0.000000000000000000, -0.3420201433256692125 ) ) ;
#1665 = FACE_OUTER_BOUND ( 'NONE', #3458, .T. ) ;
#1666 = FILL_AREA_STYLE_COLOUR ( '', #1969 ) ;
#1667 = CARTESIAN_POINT ( 'NONE',  ( 0.2032000000000133977, 1.016000000000000014, 0.4318000000000000727 ) ) ;
#1668 = ADVANCED_FACE ( 'NONE', ( #3196 ), #149, .T. ) ;
#1669 = AXIS2_PLACEMENT_3D ( 'NONE', #2797, #285, #1970 ) ;
#1670 = ORIENTED_EDGE ( 'NONE', *, *, #3540, .T. ) ;
#1671 = PLANE ( 'NONE',  #2935 ) ;
#1672 = STYLED_ITEM ( 'NONE', ( #244 ), #2250 ) ;
#1673 = VECTOR ( 'NONE', #2620, 1000.000000000000000 ) ;
#1674 = MECHANICAL_DESIGN_GEOMETRIC_PRESENTATION_REPRESENTATION (  '', ( #914 ), #1499 ) ;
#1675 =( REPRESENTATION_RELATIONSHIP ('NONE','NONE', #3438, #812 ) REPRESENTATION_RELATIONSHIP_WITH_TRANSFORMATION ( #3054 )SHAPE_REPRESENTATION_RELATIONSHIP( ) );
#1676 = CARTESIAN_POINT ( 'NONE',  ( 0.2032000000000000195, 0.000000000000000000, 0.000000000000000000 ) ) ;
#1677 = ORIENTED_EDGE ( 'NONE', *, *, #1934, .T. ) ;
#1678 = ORIENTED_EDGE ( 'NONE', *, *, #1948, .T. ) ;
#1679 = CARTESIAN_POINT ( 'NONE',  ( 0.2032000000000000195, 2.006599999999999717, 0.2032000000000002138 ) ) ;
#1680 = LINE ( 'NONE', #1430, #1454 ) ;
#1681 = VECTOR ( 'NONE', #3318, 1000.000000000000000 ) ;
#1682 = ORIENTED_EDGE ( 'NONE', *, *, #3551, .F. ) ;
#1683 = VECTOR ( 'NONE', #1726, 1000.000000000000000 ) ;
#1684 = FACE_OUTER_BOUND ( 'NONE', #1131, .T. ) ;
#1685 = ORIENTED_EDGE ( 'NONE', *, *, #2177, .F. ) ;
#1686 = CARTESIAN_POINT ( 'NONE',  ( -0.1136258938000996449, 5.003799999999999137, -0.1136258938000991314 ) ) ;
#1687 = ORIENTED_EDGE ( 'NONE', *, *, #2308, .F. ) ;
#1688 =( LENGTH_UNIT ( ) NAMED_UNIT ( * ) SI_UNIT ( .MILLI., .METRE. ) );
#1689 = LINE ( 'NONE', #2189, #1742 ) ;
#1690 = ORIENTED_EDGE ( 'NONE', *, *, #2044, .F. ) ;
#1691 = FACE_OUTER_BOUND ( 'NONE', #3535, .T. ) ;
#1692 = FILL_AREA_STYLE_COLOUR ( '', #97 ) ;
#1693 = ORIENTED_EDGE ( 'NONE', *, *, #1483, .F. ) ;
#1694 = VERTEX_POINT ( 'NONE', #1850 ) ;
#1695 = LINE ( 'NONE', #1394, #303 ) ;
#1696 = CLOSED_SHELL ( 'NONE', ( #96, #3069, #3444, #2725, #443, #2111, #1320, #16, #986, #1655 ) ) ;
#1697 = DIRECTION ( 'NONE',  ( -1.000000000000000000, -0.000000000000000000, 2.982748236756051040E-15 ) ) ;
#1698 = ADVANCED_FACE ( 'NONE', ( #2147 ), #115, .F. ) ;
#1699 = ORIENTED_EDGE ( 'NONE', *, *, #289, .T. ) ;
#1700 = PRODUCT_DEFINITION_CONTEXT ( 'detailed design', #720, 'design' ) ;
#1701 = AXIS2_PLACEMENT_3D ( 'NONE', #2950, #2677, #173 ) ;
#1702 = VECTOR ( 'NONE', #2165, 1000.000000000000000 ) ;
#1703 = LINE ( 'NONE', #2875, #394 ) ;
#1704 = ORIENTED_EDGE ( 'NONE', *, *, #1466, .T. ) ;
#1705 = VECTOR ( 'NONE', #2303, 1000.000000000000000 ) ;
#1706 = DIRECTION ( 'NONE',  ( -1.000000000000000000, 0.000000000000000000, 0.000000000000000000 ) ) ;
#1707 = CARTESIAN_POINT ( 'NONE',  ( 0.2032000000000000195, 2.006599999999999717, 0.000000000000000000 ) ) ;
#1708 = AXIS2_PLACEMENT_3D ( 'NONE', #1520, #1244, #1818 ) ;
#1709 = DIRECTION ( 'NONE',  ( 0.000000000000000000, 0.000000000000000000, -1.000000000000000000 ) ) ;
#1710 = ORIENTED_EDGE ( 'NONE', *, *, #1934, .F. ) ;
#1711 = PLANE ( 'NONE',  #2293 ) ;
#1712 = PRODUCT_DEFINITION ( 'UNKNOWN', '', #688, #3101 ) ;
#1713 = EDGE_LOOP ( 'NONE', ( #3259, #411, #2715, #3519 ) ) ;
#1714 = ORIENTED_EDGE ( 'NONE', *, *, #2866, .F. ) ;
#1715 = LINE ( 'NONE', #3415, #1054 ) ;
#1716 = EDGE_CURVE ( 'NONE', #2901, #1445, #3464, .T. ) ;
#1717 = DIRECTION ( 'NONE',  ( 0.3420201433256691015, 0.000000000000000000, -0.9396926207859083169 ) ) ;
#1718 = ORIENTED_EDGE ( 'NONE', *, *, #826, .F. ) ;
#1719 = EDGE_CURVE ( 'NONE', #1871, #3185, #1305, .T. ) ;
#1720 = EDGE_CURVE ( 'NONE', #1487, #1841, #3025, .T. ) ;
#1721 = LINE ( 'NONE', #113, #564 ) ;
#1722 = ORIENTED_EDGE ( 'NONE', *, *, #1322, .F. ) ;
#1723 = EDGE_CURVE ( 'NONE', #160, #2828, #1623, .T. ) ;
#1724 = LINE ( 'NONE', #2330, #74 ) ;
#1725 = CARTESIAN_POINT ( 'NONE',  ( -1.066799999999986648, 1.016000000000000014, 0.8382000000000000561 ) ) ;
#1726 = DIRECTION ( 'NONE',  ( 0.000000000000000000, 0.000000000000000000, 1.000000000000000000 ) ) ;
#1727 = ADVANCED_FACE ( 'NONE', ( #481, #238, #511 ), #205, .F. ) ;
#1728 = ORIENTED_EDGE ( 'NONE', *, *, #2436, .F. ) ;
#1729 = CARTESIAN_POINT ( 'NONE',  ( 0.2032000000000000195, 0.08957410619990048561, -1.917699999999999072 ) ) ;
#1730 = LINE ( 'NONE', #342, #2559 ) ;
#1731 = AXIS2_PLACEMENT_3D ( 'NONE', #3015, #473, #3253 ) ;
#1732 = ORIENTED_EDGE ( 'NONE', *, *, #116, .F. ) ;
#1733 = ORIENTED_EDGE ( 'NONE', *, *, #1447, .F. ) ;
#1734 = LINE ( 'NONE', #1772, #2760 ) ;
#1735 = AXIS2_PLACEMENT_3D ( 'NONE', #3102, #531, #2749 ) ;
#1736 = DIRECTION ( 'NONE',  ( 0.000000000000000000, -1.000000000000000000, 2.386124994466068663E-16 ) ) ;
#1737 = ORIENTED_EDGE ( 'NONE', *, *, #1216, .F. ) ;
#1738 = CARTESIAN_POINT ( 'NONE',  ( 0.2032000000000000195, 0.3168258938000994007, -1.917699999999999072 ) ) ;
#1739 = AXIS2_PLACEMENT_3D ( 'NONE', #3442, #930, #950 ) ;
#1740 = CARTESIAN_POINT ( 'NONE',  ( -1.473200000000000065, 2.006599999999999717, -0.4318000000000000171 ) ) ;
#1741 = ORIENTED_EDGE ( 'NONE', *, *, #2377, .T. ) ;
#1742 = VECTOR ( 'NONE', #3585, 999.9999999999998863 ) ;
#1743 = LINE ( 'NONE', #2003, #2587 ) ;
#1744 = CARTESIAN_POINT ( 'NONE',  ( -1.473199999999986742, 2.006599999999999717, 0.4317999999999999616 ) ) ;
#1745 = CARTESIAN_POINT ( 'NONE',  ( 0.2032000000000000195, 2.006599999999999717, 0.2032000000000002138 ) ) ;
#1746 = ORIENTED_EDGE ( 'NONE', *, *, #204, .F. ) ;
#1747 = EDGE_CURVE ( 'NONE', #1966, #2182, #1346, .T. ) ;
#1748 = DIRECTION ( 'NONE',  ( -1.000000000000000000, 0.000000000000000000, 0.000000000000000000 ) ) ;
#1749 = ORIENTED_EDGE ( 'NONE', *, *, #1716, .F. ) ;
#1750 = ORIENTED_EDGE ( 'NONE', *, *, #420, .T. ) ;
#1751 = LINE ( 'NONE', #2903, #2640 ) ;
#1752 = CARTESIAN_POINT ( 'NONE',  ( -1.473199999999986742, 2.006599999999999717, 0.8382000000000000561 ) ) ;
#1753 = ORIENTED_EDGE ( 'NONE', *, *, #1401, .T. ) ;
#1754 = AXIS2_PLACEMENT_3D ( 'NONE', #675, #1292, #3595 ) ;
#1755 = LINE ( 'NONE', #2617, #2928 ) ;
#1756 = AXIS2_PLACEMENT_3D ( 'NONE', #3481, #2405, #395 ) ;
#1757 = LINE ( 'NONE', #2545, #1434 ) ;
#1758 = ORIENTED_EDGE ( 'NONE', *, *, #1383, .F. ) ;
#1759 = VECTOR ( 'NONE', #691, 1000.000000000000000 ) ;
#1760 = CARTESIAN_POINT ( 'NONE',  ( -1.676400000000000334, 2.006599999999999717, -1.701799999999999757 ) ) ;
#1761 = VECTOR ( 'NONE', #2641, 1000.000000000000000 ) ;
#1762 = DIRECTION ( 'NONE',  ( 1.000000000000000000, 0.000000000000000000, -2.667820306312751888E-16 ) ) ;
#1763 = LINE ( 'NONE', #935, #2733 ) ;
#1764 = AXIS2_PLACEMENT_3D ( 'NONE', #1861, #2978, #470 ) ;
#1765 = EDGE_LOOP ( 'NONE', ( #3099, #1239, #1100, #1631 ) ) ;
#1766 = FACE_OUTER_BOUND ( 'NONE', #2740, .T. ) ;
#1767 = VECTOR ( 'NONE', #3521, 1000.000000000000000 ) ;
#1768 = EDGE_CURVE ( 'NONE', #3191, #996, #1324, .T. ) ;
#1769 = ORIENTED_EDGE ( 'NONE', *, *, #89, .T. ) ;
#1770 = ORIENTED_EDGE ( 'NONE', *, *, #1792, .T. ) ;
#1771 = EDGE_CURVE ( 'NONE', #2867, #1097, #1905, .T. ) ;
#1772 = CARTESIAN_POINT ( 'NONE',  ( -0.6349999999999996758, 2.006599999999999717, 1.473199999999999843 ) ) ;
#1773 = DIRECTION ( 'NONE',  ( 0.000000000000000000, 1.000000000000000000, 0.000000000000000000 ) ) ;
#1774 = VERTEX_POINT ( 'NONE', #3004 ) ;
#1775 = DIRECTION ( 'NONE',  ( 1.000000000000000000, 0.000000000000000000, 0.000000000000000000 ) ) ;
#1776 = CARTESIAN_POINT ( 'NONE',  ( 0.6349999999999996758, 1.016000000000000014, 1.473200000000000065 ) ) ;
#1777 = ORIENTED_EDGE ( 'NONE', *, *, #2949, .F. ) ;
#1778 = CARTESIAN_POINT ( 'NONE',  ( 0.2032000000000000195, 0.000000000000000000, 0.000000000000000000 ) ) ;
#1779 = DIRECTION ( 'NONE',  ( -1.000000000000000000, -0.000000000000000000, -2.667820306312756325E-16 ) ) ;
#1780 = DIRECTION ( 'NONE',  ( 0.000000000000000000, 1.000000000000000000, 0.000000000000000000 ) ) ;
#1781 = DIRECTION ( 'NONE',  ( 0.3420201433256691015, 0.000000000000000000, -0.9396926207859083169 ) ) ;
#1782 = DIRECTION ( 'NONE',  ( 1.000000000000000000, 0.000000000000000000, 0.000000000000000000 ) ) ;
#1783 = PRESENTATION_STYLE_ASSIGNMENT (( #1245 ) ) ;
#1784 = EDGE_CURVE ( 'NONE', #2561, #595, #2476, .T. ) ;
#1785 = VERTEX_POINT ( 'NONE', #782 ) ;
#1786 = ORIENTED_EDGE ( 'NONE', *, *, #3074, .T. ) ;
#1787 = FACE_BOUND ( 'NONE', #3285, .T. ) ;
#1788 =( LENGTH_UNIT ( ) NAMED_UNIT ( * ) SI_UNIT ( .MILLI., .METRE. ) );
#1789 = PLANE ( 'NONE',  #1604 ) ;
#1790 = ORIENTED_EDGE ( 'NONE', *, *, #1988, .F. ) ;
#1791 = DIRECTION ( 'NONE',  ( -1.000000000000000000, -0.000000000000000000, 2.982748236756051040E-15 ) ) ;
#1792 = EDGE_CURVE ( 'NONE', #2921, #1774, #3260, .T. ) ;
#1793 = MECHANICAL_DESIGN_GEOMETRIC_PRESENTATION_REPRESENTATION (  '', ( #1672 ), #1092 ) ;
#1794 = PLANE ( 'NONE',  #3430 ) ;
#1795 = EDGE_LOOP ( 'NONE', ( #1469, #218, #1593, #3325 ) ) ;
#1796 = LINE ( 'NONE', #3227, #2938 ) ;
#1797 = CARTESIAN_POINT ( 'NONE',  ( -0.2032000000000000195, 0.4063999999999998725, -1.409699999999988185 ) ) ;
#1798 = CARTESIAN_POINT ( 'NONE',  ( -0.2032000000000000195, 2.006599999999999717, 0.2032000000000002138 ) ) ;
#1799 = VECTOR ( 'NONE', #2079, 1000.000000000000000 ) ;
#1800 = CARTESIAN_POINT ( 'NONE',  ( 1.066800000000013293, 1.016000000000000014, 0.4317999999999999616 ) ) ;
#1801 = PRODUCT_DEFINITION_SHAPE ( 'NONE', 'NONE',  #147 ) ;
#1802 = LINE ( 'NONE', #2425, #3399 ) ;
#1803 = VECTOR ( 'NONE', #3178, 1000.000000000000000 ) ;
#1804 = LINE ( 'NONE', #1172, #337 ) ;
#1805 = VERTEX_POINT ( 'NONE', #1058 ) ;
#1806 = CARTESIAN_POINT ( 'NONE',  ( -1.473200000000000065, 1.016000000000000014, -0.8382000000000000561 ) ) ;
#1807 = DIRECTION ( 'NONE',  ( 1.000000000000000000, 0.000000000000000000, -2.667820306312751888E-16 ) ) ;
#1808 = ORIENTED_EDGE ( 'NONE', *, *, #414, .F. ) ;
#1809 = PLANE ( 'NONE',  #1341 ) ;
#1810 = ADVANCED_FACE ( 'NONE', ( #2183 ), #3295, .T. ) ;
#1811 = VERTEX_POINT ( 'NONE', #606 ) ;
#1812 = CARTESIAN_POINT ( 'NONE',  ( -0.2032000000000000195, 0.000000000000000000, 0.000000000000000000 ) ) ;
#1813 = CARTESIAN_POINT ( 'NONE',  ( 1.066800000000013293, 1.016000000000000014, 0.4317999999999999616 ) ) ;
#1814 = CARTESIAN_POINT ( 'NONE',  ( 1.066800000000013293, 2.006599999999999717, 0.8382000000000000561 ) ) ;
#1815 = VECTOR ( 'NONE', #1227, 1000.000000000000000 ) ;
#1816 = SURFACE_STYLE_FILL_AREA ( #1572 ) ;
#1817 = EDGE_CURVE ( 'NONE', #1355, #814, #1500, .T. ) ;
#1818 = DIRECTION ( 'NONE',  ( -1.000000000000000000, 0.000000000000000000, 0.000000000000000000 ) ) ;
#1819 = VECTOR ( 'NONE', #3270, 1000.000000000000000 ) ;
#1820 = VECTOR ( 'NONE', #3275, 1000.000000000000000 ) ;
#1821 =( REPRESENTATION_RELATIONSHIP ('NONE','NONE', #3438, #1538 ) REPRESENTATION_RELATIONSHIP_WITH_TRANSFORMATION ( #302 )SHAPE_REPRESENTATION_RELATIONSHIP( ) );
#1822 = CARTESIAN_POINT ( 'NONE',  ( 1.905000000000000471, 1.016000000000000014, 1.473199999999999843 ) ) ;
#1823 = EDGE_LOOP ( 'NONE', ( #306, #2564, #1939, #233 ) ) ;
#1824 = PRESENTATION_LAYER_ASSIGNMENT (  '', '', ( #2995 ) ) ;
#1825 = CARTESIAN_POINT ( 'NONE',  ( -0.2031999999999867246, 1.016000000000000014, 0.4317999999999999616 ) ) ;
#1826 = PRESENTATION_STYLE_ASSIGNMENT (( #3455 ) ) ;
#1827 = LINE ( 'NONE', #1475, #672 ) ;
#1828 = AXIS2_PLACEMENT_3D ( 'NONE', #2859, #3121, #95 ) ;
#1829 = EDGE_LOOP ( 'NONE', ( #2497, #2994, #1652, #1182 ) ) ;
#1830 = DIRECTION ( 'NONE',  ( 0.000000000000000000, -0.000000000000000000, 1.000000000000000000 ) ) ;
#1831 = ADVANCED_FACE ( 'NONE', ( #2894 ), #1188, .T. ) ;
#1832 = ADVANCED_FACE ( 'NONE', ( #2312 ), #918, .F. ) ;
#1833 = VERTEX_POINT ( 'NONE', #898 ) ;
#1834 = EDGE_CURVE ( 'NONE', #751, #3433, #355, .T. ) ;
#1835 = CARTESIAN_POINT ( 'NONE',  ( -0.4064000000000003165, 1.016000000000000014, 1.701799999999999979 ) ) ;
#1836 = CARTESIAN_POINT ( 'NONE',  ( 0.2032000000000001583, 2.006599999999999717, -0.4318000000000000171 ) ) ;
#1837 = DIRECTION ( 'NONE',  ( 0.000000000000000000, 0.000000000000000000, -1.000000000000000000 ) ) ;
#1838 = DIRECTION ( 'NONE',  ( 0.9396926207859083169, -0.000000000000000000, 0.3420201433256691015 ) ) ;
#1839 = LINE ( 'NONE', #2152, #71 ) ;
#1840 = LINE ( 'NONE', #1875, #2670 ) ;
#1841 = VERTEX_POINT ( 'NONE', #317 ) ;
#1842 = FACE_OUTER_BOUND ( 'NONE', #3269, .T. ) ;
#1843 = SHAPE_DEFINITION_REPRESENTATION ( #2071, #2314 ) ;
#1844 = FACE_OUTER_BOUND ( 'NONE', #3405, .T. ) ;
#1845 = EDGE_LOOP ( 'NONE', ( #1250, #1718, #582, #1612 ) ) ;
#1846 = CARTESIAN_POINT ( 'NONE',  ( -0.1136258938000996449, 5.003799999999999137, 0.1136258938000992841 ) ) ;
#1847 = VECTOR ( 'NONE', #3213, 1000.000000000000000 ) ;
#1848 = VECTOR ( 'NONE', #266, 1000.000000000000000 ) ;
#1849 = ORIENTED_EDGE ( 'NONE', *, *, #838, .T. ) ;
#1850 = CARTESIAN_POINT ( 'NONE',  ( -0.2032000000000000195, 2.006599999999999717, 0.2032000000000002138 ) ) ;
#1851 = VECTOR ( 'NONE', #2530, 1000.000000000000000 ) ;
#1852 =( GEOMETRIC_REPRESENTATION_CONTEXT ( 3 ) GLOBAL_UNCERTAINTY_ASSIGNED_CONTEXT ( ( #732 ) ) GLOBAL_UNIT_ASSIGNED_CONTEXT ( ( #251, #3110, #1633 ) ) REPRESENTATION_CONTEXT ( 'NONE', 'WORKASPACE' ) );
#1853 = CARTESIAN_POINT ( 'NONE',  ( -0.6350000000000005640, 2.006599999999999717, -1.473200000000000509 ) ) ;
#1854 = FACE_OUTER_BOUND ( 'NONE', #528, .T. ) ;
#1855 = ORIENTED_EDGE ( 'NONE', *, *, #2159, .F. ) ;
#1856 = CARTESIAN_POINT ( 'NONE',  ( -0.2031999999999999640, 1.016000000000000014, -0.4318000000000000171 ) ) ;
#1857 = LINE ( 'NONE', #409, #2066 ) ;
#1858 = VECTOR ( 'NONE', #501, 1000.000000000000000 ) ;
#1859 = DIRECTION ( 'NONE',  ( 0.000000000000000000, 1.000000000000000000, 0.000000000000000000 ) ) ;
#1860 = VERTEX_POINT ( 'NONE', #117 ) ;
#1861 = CARTESIAN_POINT ( 'NONE',  ( 2.540000000000000036, 1.016000000000000014, 0.000000000000000000 ) ) ;
#1862 = APPLICATION_PROTOCOL_DEFINITION ( 'draft international standard', 'automotive_design', 1998, #349 ) ;
#1863 = LINE ( 'NONE', #726, #1308 ) ;
#1864 = ORIENTED_EDGE ( 'NONE', *, *, #1474, .T. ) ;
#1865 = DIRECTION ( 'NONE',  ( -1.000000000000000000, -0.000000000000000000, -0.000000000000000000 ) ) ;
#1866 =( REPRESENTATION_RELATIONSHIP ('NONE','NONE', #3438, #1538 ) REPRESENTATION_RELATIONSHIP_WITH_TRANSFORMATION ( #1373 )SHAPE_REPRESENTATION_RELATIONSHIP( ) );
#1867 = ORIENTED_EDGE ( 'NONE', *, *, #1270, .T. ) ;
#1868 = DIRECTION ( 'NONE',  ( 1.000000000000000000, 0.000000000000000000, 0.000000000000000000 ) ) ;
#1869 = UNCERTAINTY_MEASURE_WITH_UNIT (LENGTH_MEASURE( 1.000000000000000082E-05 ), #1448, 'distance_accuracy_value', 'NONE');
#1870 = CARTESIAN_POINT ( 'NONE',  ( 0.2032000000000133977, 1.016000000000000014, 0.8382000000000000561 ) ) ;
#1871 = VERTEX_POINT ( 'NONE', #1725 ) ;
#1872 = CARTESIAN_POINT ( 'NONE',  ( -0.2031999999999867246, 1.016000000000000014, 0.4317999999999999616 ) ) ;
#1873 =( NAMED_UNIT ( * ) PLANE_ANGLE_UNIT ( ) SI_UNIT ( $, .RADIAN. ) );
#1874 = PRODUCT_DEFINITION ( 'UNKNOWN', '', #2803, #1700 ) ;
#1875 = CARTESIAN_POINT ( 'NONE',  ( -0.4064000000000003165, 2.006599999999999717, -1.701799999999999757 ) ) ;
#1876 = ORIENTED_EDGE ( 'NONE', *, *, #1607, .F. ) ;
#1877 = DIRECTION ( 'NONE',  ( -0.3420201433256684354, -0.000000000000000000, -0.9396926207859085389 ) ) ;
#1878 = APPLICATION_PROTOCOL_DEFINITION ( 'draft international standard', 'automotive_design', 1998, #1531 ) ;
#1879 = EDGE_CURVE ( 'NONE', #1062, #578, #1224, .T. ) ;
#1880 = VECTOR ( 'NONE', #1455, 1000.000000000000000 ) ;
#1881 = AXIS2_PLACEMENT_3D ( 'NONE', #1009, #3529, #971 ) ;
#1882 = CARTESIAN_POINT ( 'NONE',  ( -0.2031999999999867246, 1.016000000000000014, 0.8382000000000000561 ) ) ;
#1883 = ADVANCED_FACE ( 'NONE', ( #878 ), #3177, .F. ) ;
#1884 = EDGE_LOOP ( 'NONE', ( #28, #3052, #546, #2959, #2885, #475, #1103, #1340 ) ) ;
#1885 = VECTOR ( 'NONE', #2704, 1000.000000000000000 ) ;
#1886 = ORIENTED_EDGE ( 'NONE', *, *, #689, .T. ) ;
#1887 = LINE ( 'NONE', #1584, #1885 ) ;
#1888 = ADVANCED_FACE ( 'NONE', ( #1461 ), #2606, .T. ) ;
#1889 = ORIENTED_EDGE ( 'NONE', *, *, #31, .F. ) ;
#1890 = DIRECTION ( 'NONE',  ( 0.000000000000000000, 1.000000000000000000, 0.000000000000000000 ) ) ;
#1891 = DIRECTION ( 'NONE',  ( 1.000000000000000000, -0.000000000000000000, 0.000000000000000000 ) ) ;
#1892 = ORIENTED_EDGE ( 'NONE', *, *, #2949, .T. ) ;
#1893 = CARTESIAN_POINT ( 'NONE',  ( -0.6350000000000003419, 1.016000000000000014, 1.473200000000000065 ) ) ;
#1894 = CARTESIAN_POINT ( 'NONE',  ( 0.2032000000000000195, 2.006599999999999717, 0.2032000000000002138 ) ) ;
#1895 = CARTESIAN_POINT ( 'NONE',  ( 0.2032000000000000195, 2.006599999999999717, 0.000000000000000000 ) ) ;
#1896 = EDGE_LOOP ( 'NONE', ( #1174, #2204, #1914, #2735 ) ) ;
#1897 = DIRECTION ( 'NONE',  ( 1.000000000000000000, 0.000000000000000000, 0.000000000000000000 ) ) ;
#1898 = PRODUCT_CONTEXT ( 'NONE', #1913, 'mechanical' ) ;
#1899 = DIRECTION ( 'NONE',  ( 0.000000000000000000, 1.000000000000000000, -0.000000000000000000 ) ) ;
#1900 = EDGE_LOOP ( 'NONE', ( #3440, #2597, #323, #488 ) ) ;
#1901 = EDGE_LOOP ( 'NONE', ( #2840, #888, #2864, #241 ) ) ;
#1902 = CARTESIAN_POINT ( 'NONE',  ( 0.7803964044467451844, 1.016000000000000014, 1.473200000000000065 ) ) ;
#1903 = VERTEX_POINT ( 'NONE', #3426 ) ;
#1904 = ADVANCED_FACE ( 'NONE', ( #3158 ), #2566, .T. ) ;
#1905 = LINE ( 'NONE', #2724, #243 ) ;
#1906 = DIRECTION ( 'NONE',  ( 0.000000000000000000, -1.000000000000000000, 0.000000000000000000 ) ) ;
#1907 = ORIENTED_EDGE ( 'NONE', *, *, #261, .F. ) ;
#1908 = CARTESIAN_POINT ( 'NONE',  ( 0.2032000000000000195, 0.000000000000000000, -1.409699999999988185 ) ) ;
#1909 = LINE ( 'NONE', #2713, #1470 ) ;
#1910 = LINE ( 'NONE', #1133, #2501 ) ;
#1911 = CARTESIAN_POINT ( 'NONE',  ( 0.2032000000000000195, 2.006599999999999717, -0.2031999999999993256 ) ) ;
#1912 = VECTOR ( 'NONE', #1060, 1000.000000000000000 ) ;
#1913 = APPLICATION_CONTEXT ( 'automotive_design' ) ;
#1914 = ORIENTED_EDGE ( 'NONE', *, *, #2574, .T. ) ;
#1915 = FACE_OUTER_BOUND ( 'NONE', #3130, .T. ) ;
#1916 = VECTOR ( 'NONE', #93, 1000.000000000000000 ) ;
#1917 = COLOUR_RGB ( '',0.2509803921568627416, 0.2509803921568627416, 0.2509803921568627416 ) ;
#1918 = CARTESIAN_POINT ( 'NONE',  ( 0.2032000000000000195, 5.003799999999999137, -0.1136258938000991314 ) ) ;
#1919 = ORIENTED_EDGE ( 'NONE', *, *, #1417, .T. ) ;
#1920 = VECTOR ( 'NONE', #1709, 1000.000000000000000 ) ;
#1921 = VERTEX_POINT ( 'NONE', #955 ) ;
#1922 = CARTESIAN_POINT ( 'NONE',  ( -0.2032000000000000195, -0.000000000000000000, 0.000000000000000000 ) ) ;
#1923 = AXIS2_PLACEMENT_3D ( 'NONE', #12, #3062, #2837 ) ;
#1924 = DIRECTION ( 'NONE',  ( 0.000000000000000000, 0.000000000000000000, -1.000000000000000000 ) ) ;
#1925 = VERTEX_POINT ( 'NONE', #1165 ) ;
#1926 = UNCERTAINTY_MEASURE_WITH_UNIT (LENGTH_MEASURE( 1.000000000000000082E-05 ), #685, 'distance_accuracy_value', 'NONE');
#1927 = EDGE_CURVE ( 'NONE', #916, #1694, #2623, .T. ) ;
#1928 = CARTESIAN_POINT ( 'NONE',  ( 0.2032000000000000195, 0.000000000000000000, 0.000000000000000000 ) ) ;
#1929 = ORIENTED_EDGE ( 'NONE', *, *, #599, .F. ) ;
#1930 = EDGE_CURVE ( 'NONE', #1972, #2469, #2346, .T. ) ;
#1931 = DIRECTION ( 'NONE',  ( 0.000000000000000000, 0.000000000000000000, 1.000000000000000000 ) ) ;
#1932 = CARTESIAN_POINT ( 'NONE',  ( 0.2032000000000000195, 1.455128952971953214E-17, -1.409699999999988185 ) ) ;
#1933 = CARTESIAN_POINT ( 'NONE',  ( 0.2032000000000000195, 5.003799999999999137, -0.1136258938000991314 ) ) ;
#1934 = EDGE_CURVE ( 'NONE', #1385, #1966, #2295, .T. ) ;
#1935 = ORIENTED_EDGE ( 'NONE', *, *, #3290, .T. ) ;
#1936 = LINE ( 'NONE', #521, #2992 ) ;
#1937 = CARTESIAN_POINT ( 'NONE',  ( -0.2032000000000000195, 2.006599999999999717, -0.2031999999999993256 ) ) ;
#1938 = ORIENTED_EDGE ( 'NONE', *, *, #735, .T. ) ;
#1939 = ORIENTED_EDGE ( 'NONE', *, *, #1792, .F. ) ;
#1940 =( GEOMETRIC_REPRESENTATION_CONTEXT ( 3 ) GLOBAL_UNCERTAINTY_ASSIGNED_CONTEXT ( ( #1568 ) ) GLOBAL_UNIT_ASSIGNED_CONTEXT ( ( #1951, #771, #278 ) ) REPRESENTATION_CONTEXT ( 'NONE', 'WORKASPACE' ) );
#1941 = FACE_BOUND ( 'NONE', #2431, .T. ) ;
#1942 = PLANE ( 'NONE',  #1923 ) ;
#1943 = AXIS2_PLACEMENT_3D ( 'NONE', #3040, #11, #1127 ) ;
#1944 = EDGE_CURVE ( 'NONE', #128, #507, #3408, .T. ) ;
#1945 = VERTEX_POINT ( 'NONE', #2830 ) ;
#1946 = ADVANCED_FACE ( 'NONE', ( #2548 ), #2843, .T. ) ;
#1947 = VECTOR ( 'NONE', #1028, 1000.000000000000000 ) ;
#1948 = EDGE_CURVE ( 'NONE', #3390, #774, #3123, .T. ) ;
#1949 = DIRECTION ( 'NONE',  ( 0.000000000000000000, -2.386124994466068663E-16, -1.000000000000000000 ) ) ;
#1950 = ORIENTED_EDGE ( 'NONE', *, *, #3288, .T. ) ;
#1951 =( LENGTH_UNIT ( ) NAMED_UNIT ( * ) SI_UNIT ( .MILLI., .METRE. ) );
#1952 = FACE_OUTER_BOUND ( 'NONE', #1564, .T. ) ;
#1953 = CARTESIAN_POINT ( 'NONE',  ( 0.000000000000000000, 0.000000000000000000, 0.000000000000000000 ) ) ;
#1954 = DIRECTION ( 'NONE',  ( 0.000000000000000000, -1.000000000000000000, -1.797268416884384047E-16 ) ) ;
#1955 = ORIENTED_EDGE ( 'NONE', *, *, #894, .F. ) ;
#1956 = PLANE ( 'NONE',  #2468 ) ;
#1957 = EDGE_LOOP ( 'NONE', ( #1158, #72, #1193, #216 ) ) ;
#1958 = ORIENTED_EDGE ( 'NONE', *, *, #2827, .T. ) ;
#1959 = CARTESIAN_POINT ( 'NONE',  ( 1.473200000000000287, 2.006599999999999717, -0.4318000000000000171 ) ) ;
#1960 = DIRECTION ( 'NONE',  ( 0.000000000000000000, -1.000000000000000000, 2.314253759692994169E-16 ) ) ;
#1961 = ORIENTED_EDGE ( 'NONE', *, *, #1176, .F. ) ;
#1962 = LINE ( 'NONE', #2184, #742 ) ;
#1963 = VERTEX_POINT ( 'NONE', #696 ) ;
#1964 = LINE ( 'NONE', #3350, #3116 ) ;
#1965 = PLANE ( 'NONE',  #1977 ) ;
#1966 = VERTEX_POINT ( 'NONE', #3496 ) ;
#1967 = DIRECTION ( 'NONE',  ( 0.000000000000000000, 0.000000000000000000, 1.000000000000000000 ) ) ;
#1968 = EDGE_CURVE ( 'NONE', #1218, #3238, #2916, .T. ) ;
#1969 = COLOUR_RGB ( '',0.2509803921568627416, 0.2509803921568627416, 0.2509803921568627416 ) ;
#1970 = DIRECTION ( 'NONE',  ( 1.000000000000000000, 0.000000000000000000, -0.000000000000000000 ) ) ;
#1971 = ORIENTED_EDGE ( 'NONE', *, *, #1376, .F. ) ;
#1972 = VERTEX_POINT ( 'NONE', #3041 ) ;
#1973 = CARTESIAN_POINT ( 'NONE',  ( 0.2032000000000000195, 4.495799999999989360, 0.2031999999999995199 ) ) ;
#1974 = LINE ( 'NONE', #2560, #344 ) ;
#1975 = ORIENTED_EDGE ( 'NONE', *, *, #208, .T. ) ;
#1976 = AXIS2_PLACEMENT_3D ( 'NONE', #3287, #2157, #2956 ) ;
#1977 = AXIS2_PLACEMENT_3D ( 'NONE', #3085, #571, #297 ) ;
#1978 = CARTESIAN_POINT ( 'NONE',  ( 0.2032000000000133977, 2.006599999999999717, 0.4318000000000000727 ) ) ;
#1979 = VECTOR ( 'NONE', #1697, 1000.000000000000000 ) ;
#1980 = ORIENTED_EDGE ( 'NONE', *, *, #1383, .T. ) ;
#1981 = EDGE_CURVE ( 'NONE', #1449, #386, #2967, .T. ) ;
#1982 = CARTESIAN_POINT ( 'NONE',  ( 0.2032000000000000195, 4.495799999999989360, 0.2031999999999996309 ) ) ;
#1983 = LINE ( 'NONE', #2244, #567 ) ;
#1984 = ADVANCED_FACE ( 'NONE', ( #2657 ), #2078, .T. ) ;
#1985 = ORIENTED_EDGE ( 'NONE', *, *, #2742, .F. ) ;
#1986 = DIRECTION ( 'NONE',  ( 0.000000000000000000, 0.000000000000000000, 1.000000000000000000 ) ) ;
#1987 = SURFACE_SIDE_STYLE ('',( #833 ) ) ;
#1988 = EDGE_CURVE ( 'NONE', #492, #1339, #2401, .T. ) ;
#1989 = EDGE_LOOP ( 'NONE', ( #2248, #3201, #3470, #597 ) ) ;
#1990 = ADVANCED_FACE ( 'NONE', ( #135 ), #2474, .F. ) ;
#1991 = VERTEX_POINT ( 'NONE', #525 ) ;
#1992 = LINE ( 'NONE', #1619, #480 ) ;
#1993 = ADVANCED_FACE ( 'NONE', ( #255 ), #463, .F. ) ;
#1994 = DIRECTION ( 'NONE',  ( -2.943801717310628434E-16, -0.000000000000000000, -1.000000000000000000 ) ) ;
#1995 = VECTOR ( 'NONE', #138, 1000.000000000000000 ) ;
#1996 = ORIENTED_EDGE ( 'NONE', *, *, #2551, .F. ) ;
#1997 = EDGE_CURVE ( 'NONE', #774, #160, #2493, .T. ) ;
#1998 = VECTOR ( 'NONE', #165, 1000.000000000000000 ) ;
#1999 = AXIS2_PLACEMENT_3D ( 'NONE', #1778, #440, #2130 ) ;
#2000 = CARTESIAN_POINT ( 'NONE',  ( -1.473199999999986742, 1.016000000000000014, 0.8382000000000000561 ) ) ;
#2001 = VERTEX_POINT ( 'NONE', #2114 ) ;
#2002 = AXIS2_PLACEMENT_3D ( 'NONE', #1330, #3084, #569 ) ;
#2003 = CARTESIAN_POINT ( 'NONE',  ( -1.066799999999999971, 1.016000000000000014, -0.8381999999999999451 ) ) ;
#2004 = DIRECTION ( 'NONE',  ( 1.000000000000000000, 0.000000000000000000, -0.000000000000000000 ) ) ;
#2005 = VECTOR ( 'NONE', #78, 1000.000000000000000 ) ;
#2006 = CARTESIAN_POINT ( 'NONE',  ( 1.473200000000000287, 2.006599999999999717, -0.4318000000000000171 ) ) ;
#2007 = ORIENTED_EDGE ( 'NONE', *, *, #2153, .T. ) ;
#2008 = CARTESIAN_POINT ( 'NONE',  ( 0.2032000000000000195, 0.4063999999999999835, -1.409699999999988185 ) ) ;
#2009 = CONTEXT_DEPENDENT_SHAPE_REPRESENTATION ( #1821, #3492 ) ;
#2010 = DIRECTION ( 'NONE',  ( 0.000000000000000000, 0.000000000000000000, -1.000000000000000000 ) ) ;
#2011 = ORIENTED_EDGE ( 'NONE', *, *, #603, .T. ) ;
#2012 = ORIENTED_EDGE ( 'NONE', *, *, #1930, .T. ) ;
#2013 = DIRECTION ( 'NONE',  ( 0.000000000000000000, 0.000000000000000000, -1.000000000000000000 ) ) ;
#2014 = ADVANCED_FACE ( 'NONE', ( #3197 ), #733, .F. ) ;
#2015 = FACE_OUTER_BOUND ( 'NONE', #465, .T. ) ;
#2016 = ORIENTED_EDGE ( 'NONE', *, *, #2396, .T. ) ;
#2017 = CARTESIAN_POINT ( 'NONE',  ( -0.6350000000000005640, 1.016000000000000014, -1.473200000000000509 ) ) ;
#2018 = DIRECTION ( 'NONE',  ( 1.000000000000000000, 0.000000000000000000, 0.000000000000000000 ) ) ;
#2019 = ADVANCED_FACE ( 'NONE', ( #2690 ), #407, .T. ) ;
#2020 = VERTEX_POINT ( 'NONE', #2382 ) ;
#2021 = CARTESIAN_POINT ( 'NONE',  ( -1.676400000000000334, 2.006599999999999717, -1.701799999999999757 ) ) ;
#2022 = DIRECTION ( 'NONE',  ( 0.000000000000000000, 1.000000000000000000, 0.000000000000000000 ) ) ;
#2023 = CARTESIAN_POINT ( 'NONE',  ( -1.473200000000000065, 1.016000000000000014, -0.8382000000000000561 ) ) ;
#2024 = VERTEX_POINT ( 'NONE', #1797 ) ;
#2025 = LINE ( 'NONE', #1729, #3342 ) ;
#2026 = SURFACE_STYLE_FILL_AREA ( #1468 ) ;
#2027 = VECTOR ( 'NONE', #2010, 1000.000000000000000 ) ;
#2028 = ORIENTED_EDGE ( 'NONE', *, *, #2284, .T. ) ;
#2029 = ORIENTED_EDGE ( 'NONE', *, *, #3172, .F. ) ;
#2030 = DIRECTION ( 'NONE',  ( 1.000000000000000000, -0.000000000000000000, -0.000000000000000000 ) ) ;
#2031 = SURFACE_STYLE_USAGE ( .BOTH. , #964 ) ;
#2032 = EDGE_CURVE ( 'NONE', #2698, #2039, #1516, .T. ) ;
#2033 = AXIS2_PLACEMENT_3D ( 'NONE', #2726, #1906, #2222 ) ;
#2034 = DIRECTION ( 'NONE',  ( -1.000000000000000000, 0.000000000000000000, -2.667820306312756325E-16 ) ) ;
#2035 = CIRCLE ( 'NONE', #455, 0.7873999999999996557 ) ;
#2036 = VERTEX_POINT ( 'NONE', #1836 ) ;
#2037 = CARTESIAN_POINT ( 'NONE',  ( 0.2032000000000000195, 4.702563639696180376E-17, 0.2032000000000006856 ) ) ;
#2038 = CARTESIAN_POINT ( 'NONE',  ( 0.6349999999999996758, 1.016000000000000014, -1.473200000000000287 ) ) ;
#2039 = VERTEX_POINT ( 'NONE', #1241 ) ;
#2040 = EDGE_CURVE ( 'NONE', #846, #713, #800, .T. ) ;
#2041 = VECTOR ( 'NONE', #1134, 1000.000000000000000 ) ;
#2042 = CARTESIAN_POINT ( 'NONE',  ( 0.2032000000000001583, 1.016000000000000014, -0.8381999999999999451 ) ) ;
#2043 = DIRECTION ( 'NONE',  ( 0.000000000000000000, -2.314253759692994169E-16, -1.000000000000000000 ) ) ;
#2044 = EDGE_CURVE ( 'NONE', #1106, #1012, #3311, .T. ) ;
#2045 = CARTESIAN_POINT ( 'NONE',  ( 0.2032000000000000195, 0.7873999999999997668, -0.5841999999999992754 ) ) ;
#2046 = EDGE_LOOP ( 'NONE', ( #2703, #1280, #3531, #1471 ) ) ;
#2047 = PLANE ( 'NONE',  #3550 ) ;
#2048 = CARTESIAN_POINT ( 'NONE',  ( 0.2032000000000133977, 1.016000000000000014, 0.4318000000000000727 ) ) ;
#2049 = SURFACE_STYLE_FILL_AREA ( #3412 ) ;
#2050 = ORIENTED_EDGE ( 'NONE', *, *, #2639, .F. ) ;
#2051 = VERTEX_POINT ( 'NONE', #427 ) ;
#2052 = FACE_OUTER_BOUND ( 'NONE', #23, .T. ) ;
#2053 = PRESENTATION_STYLE_ASSIGNMENT (( #2031 ) ) ;
#2054 = DIRECTION ( 'NONE',  ( 1.000000000000000000, 0.000000000000000000, 0.000000000000000000 ) ) ;
#2055 = ORIENTED_EDGE ( 'NONE', *, *, #333, .F. ) ;
#2056 = CARTESIAN_POINT ( 'NONE',  ( 1.066800000000013293, 2.006599999999999717, 0.4317999999999999616 ) ) ;
#2057 = LINE ( 'NONE', #2038, #1495 ) ;
#2058 = ORIENTED_EDGE ( 'NONE', *, *, #1417, .F. ) ;
#2059 = VECTOR ( 'NONE', #438, 1000.000000000000227 ) ;
#2060 = LINE ( 'NONE', #2842, #3061 ) ;
#2061 = EDGE_CURVE ( 'NONE', #2475, #3164, #2366, .T. ) ;
#2062 = DIRECTION ( 'NONE',  ( 0.3420201433256691015, 0.000000000000000000, -0.9396926207859083169 ) ) ;
#2063 = LINE ( 'NONE', #1745, #1617 ) ;
#2064 = AXIS2_PLACEMENT_3D ( 'NONE', #2449, #201, #2110 ) ;
#2065 = PLANE ( 'NONE',  #1467 ) ;
#2066 = VECTOR ( 'NONE', #2080, 1000.000000000000000 ) ;
#2067 = VERTEX_POINT ( 'NONE', #1273 ) ;
#2068 = EDGE_CURVE ( 'NONE', #2310, #3333, #2133, .T. ) ;
#2069 = ORIENTED_EDGE ( 'NONE', *, *, #478, .T. ) ;
#2070 = LINE ( 'NONE', #398, #3396 ) ;
#2071 = PRODUCT_DEFINITION_SHAPE ( 'NONE', 'NONE',  #2255 ) ;
#2072 = DIRECTION ( 'NONE',  ( 1.000000000000000000, -0.000000000000000000, -0.000000000000000000 ) ) ;
#2073 = VERTEX_POINT ( 'NONE', #310 ) ;
#2074 = CARTESIAN_POINT ( 'NONE',  ( 0.2032000000000000195, -1.212151497188758288E-17, -0.2031999999999992146 ) ) ;
#2075 = LINE ( 'NONE', #1740, #39 ) ;
#2076 = ORIENTED_EDGE ( 'NONE', *, *, #2481, .T. ) ;
#2077 = CARTESIAN_POINT ( 'NONE',  ( 0.2032000000000000195, 0.9143999999999996575, 0.2032000000000004913 ) ) ;
#2078 = PLANE ( 'NONE',  #2397 ) ;
#2079 = DIRECTION ( 'NONE',  ( 1.000000000000000000, 0.000000000000000000, 0.000000000000000000 ) ) ;
#2080 = DIRECTION ( 'NONE',  ( -1.000000000000000000, 0.000000000000000000, -4.474122355134083266E-15 ) ) ;
#2081 = VERTEX_POINT ( 'NONE', #3098 ) ;
#2082 = CARTESIAN_POINT ( 'NONE',  ( 1.473200000000000287, 1.016000000000000014, -0.8381999999999999451 ) ) ;
#2083 = EDGE_CURVE ( 'NONE', #1106, #439, #1680, .T. ) ;
#2084 = VECTOR ( 'NONE', #2430, 1000.000000000000000 ) ;
#2085 = CARTESIAN_POINT ( 'NONE',  ( 1.066800000000000193, 2.006599999999999717, -0.4318000000000000171 ) ) ;
#2086 = VERTEX_POINT ( 'NONE', #3398 ) ;
#2087 = AXIS2_PLACEMENT_3D ( 'NONE', #1953, #517, #18 ) ;
#2088 = LINE ( 'NONE', #636, #876 ) ;
#2089 = VECTOR ( 'NONE', #3431, 1000.000000000000000 ) ;
#2090 = CARTESIAN_POINT ( 'NONE',  ( 1.473200000000013388, 1.016000000000000014, 0.8382000000000000561 ) ) ;
#2091 = ORIENTED_EDGE ( 'NONE', *, *, #2487, .T. ) ;
#2092 = DIRECTION ( 'NONE',  ( 0.000000000000000000, 1.000000000000000000, 0.000000000000000000 ) ) ;
#2093 = VECTOR ( 'NONE', #663, 1000.000000000000000 ) ;
#2094 = CARTESIAN_POINT ( 'NONE',  ( -0.8636000000000005894, 1.016000000000000014, -1.701800000000000201 ) ) ;
#2095 = CARTESIAN_POINT ( 'NONE',  ( 0.2032000000000000195, 0.4063999999999998169, -0.7111999999999993882 ) ) ;
#2096 = VECTOR ( 'NONE', #676, 1000.000000000000000 ) ;
#2097 = EDGE_CURVE ( 'NONE', #2086, #3297, #1414, .T. ) ;
#2098 = FILL_AREA_STYLE ('',( #193 ) ) ;
#2099 = DIRECTION ( 'NONE',  ( -1.000000000000000000, -0.000000000000000000, 5.335640612625515608E-16 ) ) ;
#2100 = ADVANCED_FACE ( 'NONE', ( #560 ), #2805, .T. ) ;
#2101 = VECTOR ( 'NONE', #436, 1000.000000000000000 ) ;
#2102 = ORIENTED_EDGE ( 'NONE', *, *, #2536, .F. ) ;
#2103 = CARTESIAN_POINT ( 'NONE',  ( -1.066799999999986648, 2.006599999999999717, 0.8382000000000000561 ) ) ;
#2104 = SURFACE_SIDE_STYLE ('',( #3188 ) ) ;
#2105 = APPLICATION_CONTEXT ( 'automotive_design' ) ;
#2106 = EDGE_CURVE ( 'NONE', #2727, #1871, #3115, .T. ) ;
#2107 = LINE ( 'NONE', #400, #692 ) ;
#2108 = EDGE_CURVE ( 'NONE', #405, #2081, #2236, .T. ) ;
#2109 = ORIENTED_EDGE ( 'NONE', *, *, #2551, .T. ) ;
#2110 = DIRECTION ( 'NONE',  ( 0.000000000000000000, 0.000000000000000000, 1.000000000000000000 ) ) ;
#2111 = ADVANCED_FACE ( 'NONE', ( #26 ), #3379, .F. ) ;
#2112 = VERTEX_POINT ( 'NONE', #890 ) ;
#2113 = DIRECTION ( 'NONE',  ( 1.000000000000000000, -0.000000000000000000, 0.000000000000000000 ) ) ;
#2114 = CARTESIAN_POINT ( 'NONE',  ( 0.7803964044467451844, 1.016000000000000014, 1.473200000000000065 ) ) ;
#2115 = CARTESIAN_POINT ( 'NONE',  ( -0.4896035955532548334, 2.006599999999999717, 1.473200000000000065 ) ) ;
#2116 = VECTOR ( 'NONE', #2136, 1000.000000000000000 ) ;
#2117 = CARTESIAN_POINT ( 'NONE',  ( 1.904999999999999583, 2.006599999999999717, -1.473200000000000509 ) ) ;
#2118 = VECTOR ( 'NONE', #666, 1000.000000000000000 ) ;
#2119 = VECTOR ( 'NONE', #717, 1000.000000000000000 ) ;
#2120 = PLANE ( 'NONE',  #1096 ) ;
#2121 = ORIENTED_EDGE ( 'NONE', *, *, #1491, .F. ) ;
#2122 = AXIS2_PLACEMENT_3D ( 'NONE', #467, #3266, #2991 ) ;
#2123 = FACE_OUTER_BOUND ( 'NONE', #2601, .T. ) ;
#2124 = DIRECTION ( 'NONE',  ( 0.000000000000000000, 1.000000000000000000, 0.000000000000000000 ) ) ;
#2125 = VECTOR ( 'NONE', #3104, 1000.000000000000000 ) ;
#2126 = ORIENTED_EDGE ( 'NONE', *, *, #794, .T. ) ;
#2127 = LINE ( 'NONE', #1021, #2290 ) ;
#2128 = ADVANCED_FACE ( 'NONE', ( #3360 ), #818, .T. ) ;
#2129 = ORIENTED_EDGE ( 'NONE', *, *, #250, .F. ) ;
#2130 = DIRECTION ( 'NONE',  ( 0.000000000000000000, 0.000000000000000000, -1.000000000000000000 ) ) ;
#2131 = UNCERTAINTY_MEASURE_WITH_UNIT (LENGTH_MEASURE( 1.000000000000000082E-05 ), #1540, 'distance_accuracy_value', 'NONE');
#2132 = ADVANCED_FACE ( 'NONE', ( #2015 ), #1942, .F. ) ;
#2133 = LINE ( 'NONE', #1853, #2747 ) ;
#2134 = PLANE ( 'NONE',  #1200 ) ;
#2135 = ORIENTED_EDGE ( 'NONE', *, *, #3020, .T. ) ;
#2136 = DIRECTION ( 'NONE',  ( 0.000000000000000000, 0.000000000000000000, -1.000000000000000000 ) ) ;
#2137 = CARTESIAN_POINT ( 'NONE',  ( 1.066800000000013293, 1.016000000000000014, 0.8382000000000000561 ) ) ;
#2138 = ORIENTED_EDGE ( 'NONE', *, *, #3330, .T. ) ;
#2139 = CARTESIAN_POINT ( 'NONE',  ( 0.2032000000000000195, 2.006599999999999717, 0.000000000000000000 ) ) ;
#2140 = PRODUCT_CONTEXT ( 'NONE', #1531, 'mechanical' ) ;
#2141 = PLANE ( 'NONE',  #156 ) ;
#2142 = VERTEX_POINT ( 'NONE', #1157 ) ;
#2143 = CARTESIAN_POINT ( 'NONE',  ( -0.4896035955532548334, 1.016000000000000014, 1.473200000000000065 ) ) ;
#2144 =( GEOMETRIC_REPRESENTATION_CONTEXT ( 3 ) GLOBAL_UNCERTAINTY_ASSIGNED_CONTEXT ( ( #563 ) ) GLOBAL_UNIT_ASSIGNED_CONTEXT ( ( #2904, #67, #413 ) ) REPRESENTATION_CONTEXT ( 'NONE', 'WORKASPACE' ) );
#2145 = VECTOR ( 'NONE', #1084, 1000.000000000000000 ) ;
#2146 = EDGE_LOOP ( 'NONE', ( #1753, #643, #1950, #1677 ) ) ;
#2147 = FACE_OUTER_BOUND ( 'NONE', #3039, .T. ) ;
#2148 = LINE ( 'NONE', #1814, #2664 ) ;
#2149 = EDGE_CURVE ( 'NONE', #1445, #1097, #855, .T. ) ;
#2150 = ORIENTED_EDGE ( 'NONE', *, *, #111, .T. ) ;
#2151 =( REPRESENTATION_RELATIONSHIP ('NONE','NONE', #3438, #1538 ) REPRESENTATION_RELATIONSHIP_WITH_TRANSFORMATION ( #1425 )SHAPE_REPRESENTATION_RELATIONSHIP( ) );
#2152 = CARTESIAN_POINT ( 'NONE',  ( 1.066800000000000193, 1.016000000000000014, -0.8382000000000000561 ) ) ;
#2153 = EDGE_CURVE ( 'NONE', #1035, #2341, #2269, .T. ) ;
#2154 = CARTESIAN_POINT ( 'NONE',  ( 0.6349999999999994538, 1.016000000000000014, -1.473200000000000509 ) ) ;
#2155 = ORIENTED_EDGE ( 'NONE', *, *, #1419, .T. ) ;
#2156 = CARTESIAN_POINT ( 'NONE',  ( 1.905000000000000471, 2.006599999999999717, 1.473199999999999843 ) ) ;
#2157 = DIRECTION ( 'NONE',  ( -6.982962677686266711E-15, 0.000000000000000000, -1.000000000000000000 ) ) ;
#2158 = VECTOR ( 'NONE', #607, 1000.000000000000000 ) ;
#2159 = EDGE_CURVE ( 'NONE', #3377, #2454, #326, .T. ) ;
#2160 = PLANE ( 'NONE',  #1731 ) ;
#2161 = AXIS2_PLACEMENT_3D ( 'NONE', #2525, #837, #1717 ) ;
#2162 = VERTEX_POINT ( 'NONE', #1094 ) ;
#2163 = LINE ( 'NONE', #2686, #1399 ) ;
#2164 = ORIENTED_EDGE ( 'NONE', *, *, #1817, .T. ) ;
#2165 = DIRECTION ( 'NONE',  ( 1.000000000000000000, 0.000000000000000000, 0.000000000000000000 ) ) ;
#2166 = CARTESIAN_POINT ( 'NONE',  ( 1.759603595553255406, 1.016000000000000014, 1.473199999999999843 ) ) ;
#2167 = VERTEX_POINT ( 'NONE', #1660 ) ;
#2168 = CARTESIAN_POINT ( 'NONE',  ( 1.905000000000000471, 2.006599999999999717, 1.473199999999999843 ) ) ;
#2169 = CARTESIAN_POINT ( 'NONE',  ( -0.2031999999999867246, 1.016000000000000014, 0.4317999999999999616 ) ) ;
#2170 = DIRECTION ( 'NONE',  ( -2.943801717310628434E-16, -0.000000000000000000, -1.000000000000000000 ) ) ;
#2171 = VECTOR ( 'NONE', #3248, 1000.000000000000000 ) ;
#2172 = ORIENTED_EDGE ( 'NONE', *, *, #2260, .T. ) ;
#2173 = PLANE ( 'NONE',  #2825 ) ;
#2174 = DIRECTION ( 'NONE',  ( -1.000000000000000000, 0.000000000000000000, 6.982962677686266711E-15 ) ) ;
#2175 = STYLED_ITEM ( 'NONE', ( #1589 ), #121 ) ;
#2176 = DIRECTION ( 'NONE',  ( 1.000000000000000000, 0.000000000000000000, 0.000000000000000000 ) ) ;
#2177 = EDGE_CURVE ( 'NONE', #2832, #2445, #1974, .T. ) ;
#2178 = ORIENTED_EDGE ( 'NONE', *, *, #245, .T. ) ;
#2179 = AXIS2_PLACEMENT_3D ( 'NONE', #944, #598, #325 ) ;
#2180 = ORIENTED_EDGE ( 'NONE', *, *, #1322, .T. ) ;
#2181 = LINE ( 'NONE', #1565, #477 ) ;
#2182 = VERTEX_POINT ( 'NONE', #2822 ) ;
#2183 = FACE_OUTER_BOUND ( 'NONE', #3028, .T. ) ;
#2184 = CARTESIAN_POINT ( 'NONE',  ( -0.8636000000000005894, 2.006599999999999717, -1.701800000000000201 ) ) ;
#2185 = ORIENTED_EDGE ( 'NONE', *, *, #2149, .F. ) ;
#2186 = DIRECTION ( 'NONE',  ( 0.9848077530122086864, -0.000000000000000000, -0.1736481776669271948 ) ) ;
#2187 = CARTESIAN_POINT ( 'NONE',  ( -0.2032000000000000195, 0.4063999999999997059, -0.5841999999999993864 ) ) ;
#2188 = SURFACE_STYLE_USAGE ( .BOTH. , #2732 ) ;
#2189 = CARTESIAN_POINT ( 'NONE',  ( 0.8635999999999997012, 1.016000000000000014, -1.701799999999999757 ) ) ;
#2190 = ORIENTED_EDGE ( 'NONE', *, *, #802, .T. ) ;
#2191 = DIRECTION ( 'NONE',  ( 1.000000000000000000, 0.000000000000000000, -0.000000000000000000 ) ) ;
#2192 = CARTESIAN_POINT ( 'NONE',  ( -1.270000000000000018, -2.097483175455093374E-18, -0.6350000000000007860 ) ) ;
#2193 = FACE_OUTER_BOUND ( 'NONE', #3580, .T. ) ;
#2194 = ORIENTED_EDGE ( 'NONE', *, *, #1279, .F. ) ;
#2195 = ADVANCED_FACE ( 'NONE', ( #2285 ), #2852, .T. ) ;
#2196 = EDGE_LOOP ( 'NONE', ( #2521, #892, #3107, #84, #114, #353, #3576, #736 ) ) ;
#2197 = DIRECTION ( 'NONE',  ( 1.000000000000000000, -0.000000000000000000, 0.000000000000000000 ) ) ;
#2198 = EDGE_CURVE ( 'NONE', #1625, #2167, #2784, .T. ) ;
#2199 = CARTESIAN_POINT ( 'NONE',  ( 0.2032000000000133977, 2.006599999999999717, 0.8382000000000000561 ) ) ;
#2200 = ORIENTED_EDGE ( 'NONE', *, *, #2660, .F. ) ;
#2201 =( GEOMETRIC_REPRESENTATION_CONTEXT ( 3 ) GLOBAL_UNCERTAINTY_ASSIGNED_CONTEXT ( ( #1926 ) ) GLOBAL_UNIT_ASSIGNED_CONTEXT ( ( #685, #2887, #435 ) ) REPRESENTATION_CONTEXT ( 'NONE', 'WORKASPACE' ) );
#2202 = VECTOR ( 'NONE', #3555, 1000.000000000000000 ) ;
#2203 = CARTESIAN_POINT ( 'NONE',  ( -0.4896035955532548334, 2.006599999999999717, 1.473200000000000065 ) ) ;
#2204 = ORIENTED_EDGE ( 'NONE', *, *, #3373, .F. ) ;
#2205 = LINE ( 'NONE', #1433, #2 ) ;
#2206 = LINE ( 'NONE', #2791, #133 ) ;
#2207 = VECTOR ( 'NONE', #813, 1000.000000000000000 ) ;
#2208 = CARTESIAN_POINT ( 'NONE',  ( -1.905000000000000471, 1.016000000000000014, 1.473200000000000065 ) ) ;
#2209 = CARTESIAN_POINT ( 'NONE',  ( 1.473200000000013388, 2.006599999999999717, 0.4318000000000000727 ) ) ;
#2210 = ORIENTED_EDGE ( 'NONE', *, *, #2707, .T. ) ;
#2211 = DIRECTION ( 'NONE',  ( 0.000000000000000000, 1.000000000000000000, 0.000000000000000000 ) ) ;
#2212 = AXIS2_PLACEMENT_3D ( 'NONE', #2137, #1611, #3268 ) ;
#2213 = ADVANCED_FACE ( 'NONE', ( #2509 ), #2047, .F. ) ;
#2214 = LINE ( 'NONE', #2488, #3365 ) ;
#2215 = EDGE_CURVE ( 'NONE', #1323, #2359, #2870, .T. ) ;
#2216 = VERTEX_POINT ( 'NONE', #385 ) ;
#2217 = ORIENTED_EDGE ( 'NONE', *, *, #291, .F. ) ;
#2218 = CARTESIAN_POINT ( 'NONE',  ( 0.4896035955532551665, 1.016000000000000014, 1.473199999999999843 ) ) ;
#2219 = EDGE_CURVE ( 'NONE', #3174, #1583, #2321, .T. ) ;
#2220 = DIRECTION ( 'NONE',  ( -1.000000000000000000, 0.000000000000000000, -4.474122355134082477E-15 ) ) ;
#2221 = ORIENTED_EDGE ( 'NONE', *, *, #2631, .F. ) ;
#2222 = DIRECTION ( 'NONE',  ( 0.000000000000000000, -0.000000000000000000, -1.000000000000000000 ) ) ;
#2223 = ORIENTED_EDGE ( 'NONE', *, *, #603, .F. ) ;
#2224 = DIRECTION ( 'NONE',  ( -0.9396926207859076507, 0.000000000000000000, 0.3420201433256709889 ) ) ;
#2225 = CARTESIAN_POINT ( 'NONE',  ( 0.6349999999999994538, 2.006599999999999717, -1.473200000000000509 ) ) ;
#2226 = DIRECTION ( 'NONE',  ( -1.000000000000000000, 0.000000000000000000, 0.000000000000000000 ) ) ;
#2227 = DIRECTION ( 'NONE',  ( 1.000000000000000000, 0.000000000000000000, 0.000000000000000000 ) ) ;
#2228 = VECTOR ( 'NONE', #2947, 1000.000000000000000 ) ;
#2229 = ORIENTED_EDGE ( 'NONE', *, *, #365, .F. ) ;
#2230 = DIRECTION ( 'NONE',  ( 0.000000000000000000, 0.000000000000000000, -1.000000000000000000 ) ) ;
#2231 = VECTOR ( 'NONE', #698, 1000.000000000000000 ) ;
#2232 = DIRECTION ( 'NONE',  ( -0.3420201433256692125, 0.000000000000000000, 0.9396926207859083169 ) ) ;
#2233 = ORIENTED_EDGE ( 'NONE', *, *, #472, .T. ) ;
#2234 = CARTESIAN_POINT ( 'NONE',  ( 0.000000000000000000, 2.006599999999999717, 0.000000000000000000 ) ) ;
#2235 = VECTOR ( 'NONE', #496, 1000.000000000000000 ) ;
#2236 = LINE ( 'NONE', #600, #2983 ) ;
#2237 = VECTOR ( 'NONE', #254, 1000.000000000000000 ) ;
#2238 = EDGE_LOOP ( 'NONE', ( #2138, #1704, #549, #947, #653, #2334, #961, #2440, #1892, #494, #167, #3272 ) ) ;
#2239 = AXIS2_PLACEMENT_3D ( 'NONE', #2538, #543, #2758 ) ;
#2240 = DIRECTION ( 'NONE',  ( 0.000000000000000000, 1.000000000000000000, -7.714179198976647231E-17 ) ) ;
#2241 = ORIENTED_EDGE ( 'NONE', *, *, #2279, .T. ) ;
#2242 = DIRECTION ( 'NONE',  ( 0.000000000000000000, -1.000000000000000000, 0.000000000000000000 ) ) ;
#2243 = CARTESIAN_POINT ( 'NONE',  ( 0.8635999999999997012, 1.016000000000000014, -1.701799999999999757 ) ) ;
#2244 = CARTESIAN_POINT ( 'NONE',  ( -1.473199999999986742, 2.006599999999999717, 0.8382000000000000561 ) ) ;
#2245 = VERTEX_POINT ( 'NONE', #634 ) ;
#2246 = DIRECTION ( 'NONE',  ( 1.000000000000000000, -0.000000000000000000, 0.000000000000000000 ) ) ;
#2247 = CARTESIAN_POINT ( 'NONE',  ( -0.2032000000000000195, 4.848605988755068279E-17, 0.2032000000000007134 ) ) ;
#2248 = ORIENTED_EDGE ( 'NONE', *, *, #3575, .T. ) ;
#2249 = EDGE_LOOP ( 'NONE', ( #457, #2129, #723, #2241 ) ) ;
#2250 = ADVANCED_BREP_SHAPE_REPRESENTATION ( '', ( #121, #2596, #2588, #2087 ), #3255 ) ;
#2251 = CARTESIAN_POINT ( 'NONE',  ( -0.1102999435389515615, 5.022662401249001540, -0.1102999435389510480 ) ) ;
#2252 = CARTESIAN_POINT ( 'NONE',  ( 0.6349999999999996758, 1.016000000000000014, 1.473200000000000065 ) ) ;
#2253 = ADVANCED_FACE ( 'NONE', ( #1198 ), #2905, .T. ) ;
#2254 = ORIENTED_EDGE ( 'NONE', *, *, #351, .F. ) ;
#2255 = PRODUCT_DEFINITION ( 'UNKNOWN', '', #804, #2807 ) ;
#2256 = CARTESIAN_POINT ( 'NONE',  ( 0.2032000000000000195, 4.848605988755068279E-17, 0.2032000000000007134 ) ) ;
#2257 = ORIENTED_EDGE ( 'NONE', *, *, #2375, .T. ) ;
#2258 = DIRECTION ( 'NONE',  ( 1.000000000000000000, 0.000000000000000000, -0.000000000000000000 ) ) ;
#2259 = DIRECTION ( 'NONE',  ( -2.943801717310628434E-16, -0.000000000000000000, -1.000000000000000000 ) ) ;
#2260 = EDGE_CURVE ( 'NONE', #630, #615, #2107, .T. ) ;
#2261 = LINE ( 'NONE', #2483, #459 ) ;
#2262 = ORIENTED_EDGE ( 'NONE', *, *, #3117, .T. ) ;
#2263 = CARTESIAN_POINT ( 'NONE',  ( 1.066800000000013293, 1.016000000000000014, 0.8382000000000000561 ) ) ;
#2264 = EDGE_CURVE ( 'NONE', #1972, #1963, #2358, .T. ) ;
#2265 = ORIENTED_EDGE ( 'NONE', *, *, #472, .F. ) ;
#2266 = EDGE_LOOP ( 'NONE', ( #665, #3001, #1524, #3353 ) ) ;
#2267 = LINE ( 'NONE', #797, #707 ) ;
#2268 = MECHANICAL_DESIGN_GEOMETRIC_PRESENTATION_REPRESENTATION (  '', ( #1614 ), #3436 ) ;
#2269 = LINE ( 'NONE', #1128, #2332 ) ;
#2270 = VERTEX_POINT ( 'NONE', #1752 ) ;
#2271 = FACE_BOUND ( 'NONE', #3063, .T. ) ;
#2272 = EDGE_LOOP ( 'NONE', ( #2461, #805, #324, #503 ) ) ;
#2273 = PLANE ( 'NONE',  #2296 ) ;
#2274 = CARTESIAN_POINT ( 'NONE',  ( -0.6349999999999996758, 1.016000000000000014, 1.473199999999999843 ) ) ;
#2275 = LINE ( 'NONE', #642, #2384 ) ;
#2276 = ORIENTED_EDGE ( 'NONE', *, *, #756, .F. ) ;
#2277 = CARTESIAN_POINT ( 'NONE',  ( 0.6349999999999996758, 1.016000000000000014, -1.473200000000000287 ) ) ;
#2278 = ITEM_DEFINED_TRANSFORMATION ( 'NONE', 'NONE', #2505,  #2087 ) ;
#2279 = EDGE_CURVE ( 'NONE', #3017, #3065, #3456, .T. ) ;
#2280 = FILL_AREA_STYLE ('',( #1692 ) ) ;
#2281 = ORIENTED_EDGE ( 'NONE', *, *, #1537, .F. ) ;
#2282 = ORIENTED_EDGE ( 'NONE', *, *, #959, .F. ) ;
#2283 = LINE ( 'NONE', #384, #3113 ) ;
#2284 = EDGE_CURVE ( 'NONE', #2001, #801, #369, .T. ) ;
#2285 = FACE_OUTER_BOUND ( 'NONE', #2306, .T. ) ;
#2286 = VECTOR ( 'NONE', #2926, 1000.000000000000000 ) ;
#2287 = ORIENTED_EDGE ( 'NONE', *, *, #451, .F. ) ;
#2288 =( REPRESENTATION_RELATIONSHIP ('NONE','NONE', #3438, #2314 ) REPRESENTATION_RELATIONSHIP_WITH_TRANSFORMATION ( #1390 )SHAPE_REPRESENTATION_RELATIONSHIP( ) );
#2289 = DIRECTION ( 'NONE',  ( 1.000000000000000000, -0.000000000000000000, 0.000000000000000000 ) ) ;
#2290 = VECTOR ( 'NONE', #3273, 999.9999999999998863 ) ;
#2291 = DIRECTION ( 'NONE',  ( 0.000000000000000000, 1.000000000000000000, 0.000000000000000000 ) ) ;
#2292 = ORIENTED_EDGE ( 'NONE', *, *, #853, .F. ) ;
#2293 = AXIS2_PLACEMENT_3D ( 'NONE', #867, #592, #2552 ) ;
#2294 = CARTESIAN_POINT ( 'NONE',  ( -1.473199999999986742, 1.016000000000000014, 0.4317999999999999616 ) ) ;
#2295 = LINE ( 'NONE', #1707, #3228 ) ;
#2296 = AXIS2_PLACEMENT_3D ( 'NONE', #1132, #622, #2258 ) ;
#2297 = LINE ( 'NONE', #1208, #1803 ) ;
#2298 = EDGE_CURVE ( 'NONE', #2638, #3083, #1179, .T. ) ;
#2299 = ORIENTED_EDGE ( 'NONE', *, *, #289, .F. ) ;
#2300 = DIRECTION ( 'NONE',  ( -1.000000000000000000, -0.000000000000000000, -0.000000000000000000 ) ) ;
#2301 = ORIENTED_EDGE ( 'NONE', *, *, #359, .F. ) ;
#2302 = ORIENTED_EDGE ( 'NONE', *, *, #761, .T. ) ;
#2303 = DIRECTION ( 'NONE',  ( 0.000000000000000000, 1.000000000000000000, 0.000000000000000000 ) ) ;
#2304 = CARTESIAN_POINT ( 'NONE',  ( 0.2032000000000000195, -1.212151497188758288E-17, -0.2031999999999992146 ) ) ;
#2305 = EDGE_CURVE ( 'NONE', #1860, #258, #2376, .T. ) ;
#2306 = EDGE_LOOP ( 'NONE', ( #2221, #1907, #2912, #1601 ) ) ;
#2307 = LINE ( 'NONE', #1201, #1880 ) ;
#2308 = EDGE_CURVE ( 'NONE', #3034, #492, #2615, .T. ) ;
#2309 = DIRECTION ( 'NONE',  ( -0.000000000000000000, 1.000000000000000000, 0.000000000000000000 ) ) ;
#2310 = VERTEX_POINT ( 'NONE', #3488 ) ;
#2311 = CARTESIAN_POINT ( 'NONE',  ( -0.2032000000000000195, 2.006599999999999717, 0.000000000000000000 ) ) ;
#2312 = FACE_OUTER_BOUND ( 'NONE', #180, .T. ) ;
#2313 = CARTESIAN_POINT ( 'NONE',  ( -0.2031999999999867246, 1.016000000000000014, 0.8382000000000000561 ) ) ;
#2314 = SHAPE_REPRESENTATION ( 'Pin - Gold and Tin_RC', ( #2087 ), #441 ) ;
#2315 = EDGE_LOOP ( 'NONE', ( #3315, #3250, #1235, #925 ) ) ;
#2316 = DIRECTION ( 'NONE',  ( 0.000000000000000000, 1.000000000000000000, 0.000000000000000000 ) ) ;
#2317 = AXIS2_PLACEMENT_3D ( 'NONE', #1301, #1580, #3271 ) ;
#2318 = VERTEX_POINT ( 'NONE', #2652 ) ;
#2319 = ORIENTED_EDGE ( 'NONE', *, *, #716, .F. ) ;
#2320 = LINE ( 'NONE', #2629, #1640 ) ;
#2321 = LINE ( 'NONE', #2888, #170 ) ;
#2322 = EDGE_LOOP ( 'NONE', ( #566, #3543, #3547, #2680 ) ) ;
#2323 = LINE ( 'NONE', #129, #1283 ) ;
#2324 = EDGE_CURVE ( 'NONE', #1642, #3156, #2739, .T. ) ;
#2325 = VECTOR ( 'NONE', #2457, 1000.000000000000000 ) ;
#2326 = VECTOR ( 'NONE', #2170, 1000.000000000000000 ) ;
#2327 = CARTESIAN_POINT ( 'NONE',  ( 1.473200000000000287, 2.006599999999999717, -0.8381999999999999451 ) ) ;
#2328 = ORIENTED_EDGE ( 'NONE', *, *, #826, .T. ) ;
#2329 = AXIS2_PLACEMENT_3D ( 'NONE', #3466, #956, #2918 ) ;
#2330 = CARTESIAN_POINT ( 'NONE',  ( 0.2032000000000000195, 0.4063999999999997059, -0.5841999999999993864 ) ) ;
#2331 = CARTESIAN_POINT ( 'NONE',  ( 0.2032000000000000195, 2.006599999999999717, 0.2032000000000002138 ) ) ;
#2332 = VECTOR ( 'NONE', #872, 1000.000000000000000 ) ;
#2333 = CARTESIAN_POINT ( 'NONE',  ( -0.7803964044467449623, 2.006599999999999717, 1.473199999999999843 ) ) ;
#2334 = ORIENTED_EDGE ( 'NONE', *, *, #1723, .T. ) ;
#2335 = DIRECTION ( 'NONE',  ( 0.000000000000000000, 0.000000000000000000, 1.000000000000000000 ) ) ;
#2336 = LINE ( 'NONE', #977, #40 ) ;
#2337 = ORIENTED_EDGE ( 'NONE', *, *, #1784, .T. ) ;
#2338 = EDGE_LOOP ( 'NONE', ( #3149, #1790, #1437, #1402 ) ) ;
#2339 = CARTESIAN_POINT ( 'NONE',  ( 0.4896035955532551665, 1.016000000000000014, 1.473199999999999843 ) ) ;
#2340 = CARTESIAN_POINT ( 'NONE',  ( -0.6350000000000003419, 2.006599999999999717, -1.473200000000000287 ) ) ;
#2341 = VERTEX_POINT ( 'NONE', #87 ) ;
#2342 = DIRECTION ( 'NONE',  ( 0.000000000000000000, 0.000000000000000000, 1.000000000000000000 ) ) ;
#2343 = PLANE ( 'NONE',  #1557 ) ;
#2344 = ORIENTED_EDGE ( 'NONE', *, *, #871, .T. ) ;
#2345 = LINE ( 'NONE', #461, #999 ) ;
#2346 = LINE ( 'NONE', #2274, #1164 ) ;
#2347 = PLANE ( 'NONE',  #2329 ) ;
#2348 = VECTOR ( 'NONE', #3251, 1000.000000000000000 ) ;
#2349 = EDGE_CURVE ( 'NONE', #996, #1833, #1527, .T. ) ;
#2350 = FACE_OUTER_BOUND ( 'NONE', #1795, .T. ) ;
#2351 = DIRECTION ( 'NONE',  ( -1.000000000000000000, -0.000000000000000000, -0.000000000000000000 ) ) ;
#2352 = AXIS2_PLACEMENT_3D ( 'NONE', #627, #380, #1986 ) ;
#2353 =( NAMED_UNIT ( * ) SI_UNIT ( $, .STERADIAN. ) SOLID_ANGLE_UNIT ( ) );
#2354 = VERTEX_POINT ( 'NONE', #1217 ) ;
#2355 = DIRECTION ( 'NONE',  ( 0.000000000000000000, 1.000000000000000000, 0.000000000000000000 ) ) ;
#2356 =( NAMED_UNIT ( * ) SI_UNIT ( $, .STERADIAN. ) SOLID_ANGLE_UNIT ( ) );
#2357 = PRODUCT_DEFINITION_SHAPE ( 'NONE', 'NONE',  #3612 ) ;
#2358 = LINE ( 'NONE', #416, #2101 ) ;
#2359 = VERTEX_POINT ( 'NONE', #3219 ) ;
#2360 = LINE ( 'NONE', #967, #2871 ) ;
#2361 = EDGE_CURVE ( 'NONE', #1811, #1487, #1827, .T. ) ;
#2362 = CARTESIAN_POINT ( 'NONE',  ( -1.759603595553254962, 1.016000000000000014, 1.473200000000000065 ) ) ;
#2363 = ORIENTED_EDGE ( 'NONE', *, *, #2684, .T. ) ;
#2364 = FACE_OUTER_BOUND ( 'NONE', #1479, .T. ) ;
#2365 = EDGE_CURVE ( 'NONE', #3587, #1925, #3203, .T. ) ;
#2366 = LINE ( 'NONE', #1553, #2687 ) ;
#2367 = CARTESIAN_POINT ( 'NONE',  ( -0.4896035955532543893, 1.016000000000000014, -1.473199999999999621 ) ) ;
#2368 = LINE ( 'NONE', #719, #2116 ) ;
#2369 = SURFACE_STYLE_USAGE ( .BOTH. , #3468 ) ;
#2370 = ADVANCED_FACE ( 'NONE', ( #907 ), #687, .F. ) ;
#2371 = ADVANCED_FACE ( 'NONE', ( #3189 ), #1789, .T. ) ;
#2372 = ORIENTED_EDGE ( 'NONE', *, *, #599, .T. ) ;
#2373 = DIRECTION ( 'NONE',  ( 0.1710878697460324616, 0.1710878697460324616, -0.9702875252478150303 ) ) ;
#2374 =( NAMED_UNIT ( * ) PLANE_ANGLE_UNIT ( ) SI_UNIT ( $, .RADIAN. ) );
#2375 = EDGE_CURVE ( 'NONE', #507, #3224, #1597, .T. ) ;
#2376 = LINE ( 'NONE', #668, #3212 ) ;
#2377 = EDGE_CURVE ( 'NONE', #713, #1344, #1563, .T. ) ;
#2378 = ORIENTED_EDGE ( 'NONE', *, *, #2536, .T. ) ;
#2379 = PLANE ( 'NONE',  #2407 ) ;
#2380 = VERTEX_POINT ( 'NONE', #1073 ) ;
#2381 = CARTESIAN_POINT ( 'NONE',  ( -0.6350000000000005640, 1.016000000000000014, -1.473200000000000509 ) ) ;
#2382 = CARTESIAN_POINT ( 'NONE',  ( -1.759603595553254962, 1.016000000000000014, 1.473200000000000065 ) ) ;
#2383 = CARTESIAN_POINT ( 'NONE',  ( 0.1136258938000996449, 5.003799999999999137, -0.1136258938000991314 ) ) ;
#2384 = VECTOR ( 'NONE', #660, 1000.000000000000114 ) ;
#2385 = PLANE ( 'NONE',  #1701 ) ;
#2386 = PRESENTATION_STYLE_ASSIGNMENT (( #2369 ) ) ;
#2387 = DIRECTION ( 'NONE',  ( 0.000000000000000000, 0.000000000000000000, -1.000000000000000000 ) ) ;
#2388 = VECTOR ( 'NONE', #2924, 1000.000000000000000 ) ;
#2389 = ORIENTED_EDGE ( 'NONE', *, *, #260, .T. ) ;
#2390 = ADVANCED_FACE ( 'NONE', ( #1034, #1049, #1844 ), #2141, .T. ) ;
#2391 = CARTESIAN_POINT ( 'NONE',  ( -0.8636000000000005894, 1.016000000000000014, -1.701800000000000201 ) ) ;
#2392 = CARTESIAN_POINT ( 'NONE',  ( 1.270000000000000018, -2.097483175455093374E-18, -0.6350000000000007860 ) ) ;
#2393 = DIRECTION ( 'NONE',  ( 0.000000000000000000, -0.000000000000000000, 1.000000000000000000 ) ) ;
#2394 = ORIENTED_EDGE ( 'NONE', *, *, #3542, .T. ) ;
#2395 = LINE ( 'NONE', #2667, #938 ) ;
#2396 = EDGE_CURVE ( 'NONE', #3017, #3254, #795, .T. ) ;
#2397 = AXIS2_PLACEMENT_3D ( 'NONE', #188, #2768, #1535 ) ;
#2398 = ORIENTED_EDGE ( 'NONE', *, *, #2198, .F. ) ;
#2399 = PLANE ( 'NONE',  #821 ) ;
#2400 = CLOSED_SHELL ( 'NONE', ( #1904, #3354, #1152, #2484, #1076, #2790, #2618, #2532, #1659, #2132, #1184, #194, #2213, #1222 ) ) ;
#2401 = LINE ( 'NONE', #1639, #2119 ) ;
#2402 = DIRECTION ( 'NONE',  ( 2.667820306312751888E-16, -0.000000000000000000, 1.000000000000000000 ) ) ;
#2403 = VERTEX_POINT ( 'NONE', #3237 ) ;
#2404 = VECTOR ( 'NONE', #3316, 1000.000000000000000 ) ;
#2405 = DIRECTION ( 'NONE',  ( 0.9848077530122086864, 0.1736481776669272503, 0.000000000000000000 ) ) ;
#2406 = FILL_AREA_STYLE ('',( #721 ) ) ;
#2407 = AXIS2_PLACEMENT_3D ( 'NONE', #3221, #3002, #1830 ) ;
#2408 = ADVANCED_FACE ( 'NONE', ( #2718 ), #2160, .F. ) ;
#2409 = FACE_OUTER_BOUND ( 'NONE', #683, .T. ) ;
#2410 = ORIENTED_EDGE ( 'NONE', *, *, #3242, .T. ) ;
#2411 = VECTOR ( 'NONE', #2609, 1000.000000000000000 ) ;
#2412 = FACE_BOUND ( 'NONE', #1547, .T. ) ;
#2413 = DIRECTION ( 'NONE',  ( 0.9848077530122086864, 0.000000000000000000, 0.1736481776669271948 ) ) ;
#2414 = VERTEX_POINT ( 'NONE', #3037 ) ;
#2415 = DIRECTION ( 'NONE',  ( 1.000000000000000000, -0.000000000000000000, 0.000000000000000000 ) ) ;
#2416 = ADVANCED_FACE ( 'NONE', ( #2998 ), #3506, .F. ) ;
#2417 = VERTEX_POINT ( 'NONE', #3289 ) ;
#2418 = EDGE_CURVE ( 'NONE', #3164, #1411, #850, .T. ) ;
#2419 = LINE ( 'NONE', #695, #3051 ) ;
#2420 = UNCERTAINTY_MEASURE_WITH_UNIT (LENGTH_MEASURE( 1.000000000000000082E-05 ), #3147, 'distance_accuracy_value', 'NONE');
#2421 = PLANE ( 'NONE',  #1142 ) ;
#2422 = ORIENTED_EDGE ( 'NONE', *, *, #261, .T. ) ;
#2423 = ADVANCED_FACE ( 'NONE', ( #2193 ), #3574, .F. ) ;
#2424 = EDGE_CURVE ( 'NONE', #1106, #2650, #2665, .T. ) ;
#2425 = CARTESIAN_POINT ( 'NONE',  ( 1.904999999999999583, 1.016000000000000014, -1.473200000000000509 ) ) ;
#2426 = DIRECTION ( 'NONE',  ( -0.3420201433256684354, 0.000000000000000000, -0.9396926207859085389 ) ) ;
#2427 = ORIENTED_EDGE ( 'NONE', *, *, #1216, .T. ) ;
#2428 = LINE ( 'NONE', #2139, #2348 ) ;
#2429 = DIRECTION ( 'NONE',  ( 1.000000000000000000, 0.000000000000000000, 0.000000000000000000 ) ) ;
#2430 = DIRECTION ( 'NONE',  ( 0.000000000000000000, 1.000000000000000000, 0.000000000000000000 ) ) ;
#2431 = EDGE_LOOP ( 'NONE', ( #1212, #2668, #311, #1693 ) ) ;
#2432 = DIRECTION ( 'NONE',  ( 0.000000000000000000, 1.000000000000000000, 0.000000000000000000 ) ) ;
#2433 = STYLED_ITEM ( 'NONE', ( #1826 ), #327 ) ;
#2434 = CIRCLE ( 'NONE', #277, 0.3810000000000000608 ) ;
#2435 = VECTOR ( 'NONE', #3277, 1000.000000000000000 ) ;
#2436 = EDGE_CURVE ( 'NONE', #2889, #942, #1265, .T. ) ;
#2437 = ORIENTED_EDGE ( 'NONE', *, *, #1719, .T. ) ;
#2438 = DIRECTION ( 'NONE',  ( -0.000000000000000000, 1.000000000000000000, 0.000000000000000000 ) ) ;
#2439 = DIRECTION ( 'NONE',  ( 1.000000000000000000, 0.000000000000000000, -2.667820306312751888E-16 ) ) ;
#2440 = ORIENTED_EDGE ( 'NONE', *, *, #1879, .T. ) ;
#2441 = CARTESIAN_POINT ( 'NONE',  ( -0.2032000000000000195, 1.316545243165100409E-17, -1.409699999999988185 ) ) ;
#2442 = CARTESIAN_POINT ( 'NONE',  ( -0.2031999999999867246, 2.006599999999999717, 0.4317999999999999616 ) ) ;
#2443 = EDGE_CURVE ( 'NONE', #1576, #3570, #1863, .T. ) ;
#2444 = DIRECTION ( 'NONE',  ( 1.000000000000000000, 0.000000000000000000, -0.000000000000000000 ) ) ;
#2445 = VERTEX_POINT ( 'NONE', #2447 ) ;
#2446 = CARTESIAN_POINT ( 'NONE',  ( -0.1162478227631560668, 0.08695217723684396660, -1.902830301939487212 ) ) ;
#2447 = CARTESIAN_POINT ( 'NONE',  ( 0.4896035955532551665, 2.006599999999999717, 1.473199999999999843 ) ) ;
#2448 = ORIENTED_EDGE ( 'NONE', *, *, #891, .T. ) ;
#2449 = CARTESIAN_POINT ( 'NONE',  ( 0.2032000000000000195, 0.7873999999999997668, -0.5841999999999992754 ) ) ;
#2450 = EDGE_LOOP ( 'NONE', ( #3016, #3076, #2344, #3338 ) ) ;
#2451 = CARTESIAN_POINT ( 'NONE',  ( 0.2032000000000000195, 0.7873999999999997668, -0.2031999999999991868 ) ) ;
#2452 = AXIS2_PLACEMENT_3D ( 'NONE', #2933, #1360, #989 ) ;
#2453 = LINE ( 'NONE', #1347, #1851 ) ;
#2454 = VERTEX_POINT ( 'NONE', #760 ) ;
#2455 = FACE_OUTER_BOUND ( 'NONE', #1041, .T. ) ;
#2456 = DIRECTION ( 'NONE',  ( 1.000000000000000000, 0.000000000000000000, -2.943801717310627941E-16 ) ) ;
#2457 = DIRECTION ( 'NONE',  ( -1.000000000000000000, 0.000000000000000000, -4.474122355134083266E-15 ) ) ;
#2458 = EDGE_CURVE ( 'NONE', #1925, #3224, #777, .T. ) ;
#2459 = FACE_OUTER_BOUND ( 'NONE', #2046, .T. ) ;
#2460 = VECTOR ( 'NONE', #3441, 1000.000000000000000 ) ;
#2461 = ORIENTED_EDGE ( 'NONE', *, *, #2068, .F. ) ;
#2462 = DIRECTION ( 'NONE',  ( 0.000000000000000000, 0.000000000000000000, 1.000000000000000000 ) ) ;
#2463 = PRODUCT_CONTEXT ( 'NONE', #3407, 'mechanical' ) ;
#2464 = VECTOR ( 'NONE', #3060, 1000.000000000000000 ) ;
#2465 = AXIS2_PLACEMENT_3D ( 'NONE', #715, #1240, #988 ) ;
#2466 = LINE ( 'NONE', #199, #2027 ) ;
#2467 = ORIENTED_EDGE ( 'NONE', *, *, #2108, .T. ) ;
#2468 = AXIS2_PLACEMENT_3D ( 'NONE', #3072, #2569, #609 ) ;
#2469 = VERTEX_POINT ( 'NONE', #2702 ) ;
#2470 = ADVANCED_BREP_SHAPE_REPRESENTATION ( '', ( #2555, #1334, #2087 ), #2144 ) ;
#2471 = DIRECTION ( 'NONE',  ( -1.000000000000000000, -0.000000000000000000, -0.000000000000000000 ) ) ;
#2472 = ADVANCED_FACE ( 'NONE', ( #456 ), #2683, .F. ) ;
#2473 = VECTOR ( 'NONE', #2092, 1000.000000000000000 ) ;
#2474 = PLANE ( 'NONE',  #535 ) ;
#2475 = VERTEX_POINT ( 'NONE', #506 ) ;
#2476 = LINE ( 'NONE', #2451, #299 ) ;
#2477 = EDGE_CURVE ( 'NONE', #267, #3301, #1019, .T. ) ;
#2478 = PLANE ( 'NONE',  #856 ) ;
#2479 = ORIENTED_EDGE ( 'NONE', *, *, #979, .T. ) ;
#2480 = LINE ( 'NONE', #3298, #2404 ) ;
#2481 = EDGE_CURVE ( 'NONE', #3528, #1805, #2466, .T. ) ;
#2482 = LINE ( 'NONE', #3369, #1681 ) ;
#2483 = CARTESIAN_POINT ( 'NONE',  ( -1.473200000000000065, 1.016000000000000014, -0.4318000000000000171 ) ) ;
#2484 = ADVANCED_FACE ( 'NONE', ( #305 ), #22, .F. ) ;
#2485 = ORIENTED_EDGE ( 'NONE', *, *, #2774, .F. ) ;
#2486 = DIRECTION ( 'NONE',  ( 0.000000000000000000, 0.000000000000000000, 1.000000000000000000 ) ) ;
#2487 = EDGE_CURVE ( 'NONE', #2142, #2876, #556, .T. ) ;
#2488 = CARTESIAN_POINT ( 'NONE',  ( 0.6350000000000003419, 1.016000000000000014, 1.473199999999999843 ) ) ;
#2489 = ORIENTED_EDGE ( 'NONE', *, *, #2477, .T. ) ;
#2490 = EDGE_CURVE ( 'NONE', #3528, #2798, #1153, .T. ) ;
#2491 = ADVANCED_FACE ( 'NONE', ( #2762 ), #2553, .F. ) ;
#2492 = PLANE ( 'NONE',  #1943 ) ;
#2493 = LINE ( 'NONE', #1569, #2581 ) ;
#2494 = EDGE_CURVE ( 'NONE', #2167, #3449, #849, .T. ) ;
#2495 = VERTEX_POINT ( 'NONE', #885 ) ;
#2496 = DIRECTION ( 'NONE',  ( -0.000000000000000000, -0.000000000000000000, 1.000000000000000000 ) ) ;
#2497 = ORIENTED_EDGE ( 'NONE', *, *, #208, .F. ) ;
#2498 = PLANE ( 'NONE',  #2648 ) ;
#2499 = LINE ( 'NONE', #1066, #3425 ) ;
#2500 = DIRECTION ( 'NONE',  ( -0.000000000000000000, -0.000000000000000000, 1.000000000000000000 ) ) ;
#2501 = VECTOR ( 'NONE', #537, 1000.000000000000000 ) ;
#2502 = EDGE_LOOP ( 'NONE', ( #2164, #345, #1221, #1287 ) ) ;
#2503 = PLANE ( 'NONE',  #2528 ) ;
#2504 = DIRECTION ( 'NONE',  ( 0.000000000000000000, -1.032225972172778152E-17, 1.000000000000000000 ) ) ;
#2505 = AXIS2_PLACEMENT_3D ( 'NONE', #2392, #1300, #454 ) ;
#2506 = VECTOR ( 'NONE', #3448, 1000.000000000000000 ) ;
#2507 = EDGE_LOOP ( 'NONE', ( #2943, #1290, #554, #2337 ) ) ;
#2508 = FACE_BOUND ( 'NONE', #3080, .T. ) ;
#2509 = FACE_OUTER_BOUND ( 'NONE', #1111, .T. ) ;
#2510 = ORIENTED_EDGE ( 'NONE', *, *, #351, .T. ) ;
#2511 = EDGE_CURVE ( 'NONE', #2475, #1035, #2499, .T. ) ;
#2512 = LINE ( 'NONE', #550, #159 ) ;
#2513 = ORIENTED_EDGE ( 'NONE', *, *, #2969, .F. ) ;
#2514 = DIRECTION ( 'NONE',  ( -2.943801717310627941E-16, 0.000000000000000000, -1.000000000000000000 ) ) ;
#2515 = CARTESIAN_POINT ( 'NONE',  ( -1.759603595553254518, 2.006599999999999717, -1.473199999999999621 ) ) ;
#2516 = LINE ( 'NONE', #1933, #1504 ) ;
#2517 = ORIENTED_EDGE ( 'NONE', *, *, #2361, .F. ) ;
#2518 = CARTESIAN_POINT ( 'NONE',  ( -0.1136258938000996449, 5.003799999999999137, 0.000000000000000000 ) ) ;
#2519 = PRODUCT_RELATED_PRODUCT_CATEGORY ( 'part', '', ( #656 ) ) ;
#2520 = LINE ( 'NONE', #3092, #2786 ) ;
#2521 = ORIENTED_EDGE ( 'NONE', *, *, #2529, .T. ) ;
#2522 = VECTOR ( 'NONE', #2721, 1000.000000000000000 ) ;
#2523 = DIRECTION ( 'NONE',  ( 0.3420201433256691015, -0.000000000000000000, -0.9396926207859083169 ) ) ;
#2524 = VECTOR ( 'NONE', #1272, 1000.000000000000000 ) ;
#2525 = CARTESIAN_POINT ( 'NONE',  ( -0.7803964044467449623, 1.016000000000000014, 1.473199999999999843 ) ) ;
#2526 = VECTOR ( 'NONE', #1262, 1000.000000000000000 ) ;
#2527 = ORIENTED_EDGE ( 'NONE', *, *, #2106, .F. ) ;
#2528 = AXIS2_PLACEMENT_3D ( 'NONE', #1356, #2486, #3607 ) ;
#2529 = EDGE_CURVE ( 'NONE', #1323, #2403, #1374, .T. ) ;
#2530 = DIRECTION ( 'NONE',  ( 0.000000000000000000, 1.000000000000000000, 0.000000000000000000 ) ) ;
#2531 = ORIENTED_EDGE ( 'NONE', *, *, #202, .T. ) ;
#2532 = ADVANCED_FACE ( 'NONE', ( #7 ), #3128, .F. ) ;
#2533 = LINE ( 'NONE', #1835, #2473 ) ;
#2534 =( NAMED_UNIT ( * ) SI_UNIT ( $, .STERADIAN. ) SOLID_ANGLE_UNIT ( ) );
#2535 = DIRECTION ( 'NONE',  ( -0.000000000000000000, -0.000000000000000000, 1.000000000000000000 ) ) ;
#2536 = EDGE_CURVE ( 'NONE', #1921, #2380, #2520, .T. ) ;
#2537 = ORIENTED_EDGE ( 'NONE', *, *, #478, .F. ) ;
#2538 = CARTESIAN_POINT ( 'NONE',  ( 0.2032000000000000195, 0.000000000000000000, 0.000000000000000000 ) ) ;
#2539 = PRESENTATION_STYLE_ASSIGNMENT (( #594 ) ) ;
#2540 = ORIENTED_EDGE ( 'NONE', *, *, #2365, .T. ) ;
#2541 = VERTEX_POINT ( 'NONE', #1410 ) ;
#2542 = DIRECTION ( 'NONE',  ( -0.000000000000000000, -0.000000000000000000, 1.000000000000000000 ) ) ;
#2543 = DIRECTION ( 'NONE',  ( 1.000000000000000000, 0.000000000000000000, 0.000000000000000000 ) ) ;
#2544 = ORIENTED_EDGE ( 'NONE', *, *, #572, .F. ) ;
#2545 = CARTESIAN_POINT ( 'NONE',  ( -0.2032000000000000195, 2.006599999999999717, 0.000000000000000000 ) ) ;
#2546 = EDGE_LOOP ( 'NONE', ( #1074, #3501, #3100, #15 ) ) ;
#2547 = PLANE ( 'NONE',  #3571 ) ;
#2548 = FACE_OUTER_BOUND ( 'NONE', #638, .T. ) ;
#2549 = CARTESIAN_POINT ( 'NONE',  ( -1.759603595553254962, 2.006599999999999717, 1.473200000000000065 ) ) ;
#2550 = ORIENTED_EDGE ( 'NONE', *, *, #2848, .F. ) ;
#2551 = EDGE_CURVE ( 'NONE', #1694, #379, #3341, .T. ) ;
#2552 = DIRECTION ( 'NONE',  ( -1.000000000000000000, -0.000000000000000000, 0.000000000000000000 ) ) ;
#2553 = PLANE ( 'NONE',  #1669 ) ;
#2554 = ORIENTED_EDGE ( 'NONE', *, *, #838, .F. ) ;
#2555 = MANIFOLD_SOLID_BREP ( 'Chamfer1', #2400 ) ;
#2556 = EDGE_LOOP ( 'NONE', ( #423, #247, #1543, #2794 ) ) ;
#2557 = VECTOR ( 'NONE', #3381, 1000.000000000000000 ) ;
#2558 = CARTESIAN_POINT ( 'NONE',  ( 0.4063999999999994839, 1.016000000000000014, -1.701800000000000201 ) ) ;
#2559 = VECTOR ( 'NONE', #62, 1000.000000000000000 ) ;
#2560 = CARTESIAN_POINT ( 'NONE',  ( 0.4896035955532551665, 2.006599999999999717, 1.473199999999999843 ) ) ;
#2561 = VERTEX_POINT ( 'NONE', #1088 ) ;
#2562 = CARTESIAN_POINT ( 'NONE',  ( -1.905000000000000471, 2.006599999999999717, 1.473200000000000065 ) ) ;
#2563 = FACE_OUTER_BOUND ( 'NONE', #3428, .T. ) ;
#2564 = ORIENTED_EDGE ( 'NONE', *, *, #1474, .F. ) ;
#2565 = CARTESIAN_POINT ( 'NONE',  ( -1.473200000000000065, 2.006599999999999717, -0.8382000000000000561 ) ) ;
#2566 = PLANE ( 'NONE',  #1638 ) ;
#2567 = CARTESIAN_POINT ( 'NONE',  ( -0.2031999999999999640, 1.016000000000000014, -0.4318000000000000171 ) ) ;
#2568 = VERTEX_POINT ( 'NONE', #3056 ) ;
#2569 = DIRECTION ( 'NONE',  ( -1.000000000000000000, 0.000000000000000000, 0.000000000000000000 ) ) ;
#2570 = EDGE_CURVE ( 'NONE', #615, #3361, #2214, .T. ) ;
#2571 = DIRECTION ( 'NONE',  ( 0.1710878697460325448, -0.9702875252478150303, 0.1710878697460325448 ) ) ;
#2572 = EDGE_LOOP ( 'NONE', ( #2711, #765, #1298, #10, #2299, #1037, #122, #3208, #2925, #1135, #3452, #2835 ) ) ;
#2573 = ORIENTED_EDGE ( 'NONE', *, *, #109, .T. ) ;
#2574 = EDGE_CURVE ( 'NONE', #2813, #3191, #1656, .T. ) ;
#2575 = DIRECTION ( 'NONE',  ( 1.000000000000000000, -0.000000000000000000, 0.000000000000000000 ) ) ;
#2576 = DIRECTION ( 'NONE',  ( -1.000000000000000000, 0.000000000000000000, 5.335640612625515608E-16 ) ) ;
#2577 = STYLED_ITEM ( 'NONE', ( #192 ), #88 ) ;
#2578 = VERTEX_POINT ( 'NONE', #1937 ) ;
#2579 = LINE ( 'NONE', #893, #2988 ) ;
#2580 = VECTOR ( 'NONE', #2654, 1000.000000000000000 ) ;
#2581 = VECTOR ( 'NONE', #973, 1000.000000000000000 ) ;
#2582 = CARTESIAN_POINT ( 'NONE',  ( -1.676400000000000334, 1.016000000000000014, -1.701799999999999757 ) ) ;
#2583 = VERTEX_POINT ( 'NONE', #2779 ) ;
#2584 = STYLED_ITEM ( 'NONE', ( #2386 ), #1294 ) ;
#2585 = LINE ( 'NONE', #17, #2767 ) ;
#2586 = CARTESIAN_POINT ( 'NONE',  ( 0.4896035955532551665, 1.016000000000000014, 1.473199999999999843 ) ) ;
#2587 = VECTOR ( 'NONE', #3140, 1000.000000000000000 ) ;
#2588 = MANIFOLD_SOLID_BREP ( 'LPattern1[2]', #236 ) ;
#2589 = LINE ( 'NONE', #2567, #1799 ) ;
#2590 = EDGE_CURVE ( 'NONE', #3433, #987, #362, .T. ) ;
#2591 = ORIENTED_EDGE ( 'NONE', *, *, #2619, .F. ) ;
#2592 = DIRECTION ( 'NONE',  ( -1.000000000000000000, 0.000000000000000000, 0.000000000000000000 ) ) ;
#2593 = SURFACE_SIDE_STYLE ('',( #2026 ) ) ;
#2594 = EDGE_CURVE ( 'NONE', #2650, #2417, #923, .T. ) ;
#2595 = ORIENTED_EDGE ( 'NONE', *, *, #2570, .T. ) ;
#2596 = MANIFOLD_SOLID_BREP ( 'LPattern1[1]', #3388 ) ;
#2597 = ORIENTED_EDGE ( 'NONE', *, *, #3373, .T. ) ;
#2598 = DIRECTION ( 'NONE',  ( 0.1710878697460325448, 0.9702875252478150303, 0.1710878697460325448 ) ) ;
#2599 = EDGE_CURVE ( 'NONE', #2445, #3361, #681, .T. ) ;
#2600 = CARTESIAN_POINT ( 'NONE',  ( -1.759603595553254518, 1.016000000000000014, -1.473199999999999621 ) ) ;
#2601 = EDGE_LOOP ( 'NONE', ( #2292, #2751, #364, #1002 ) ) ;
#2602 = LINE ( 'NONE', #2634, #2059 ) ;
#2603 = LINE ( 'NONE', #2000, #1916 ) ;
#2604 = ORIENTED_EDGE ( 'NONE', *, *, #1622, .F. ) ;
#2605 = DIRECTION ( 'NONE',  ( 0.000000000000000000, 0.000000000000000000, -1.000000000000000000 ) ) ;
#2606 = PLANE ( 'NONE',  #705 ) ;
#2607 = DIRECTION ( 'NONE',  ( 0.000000000000000000, 8.537024980200820832E-16, -1.000000000000000000 ) ) ;
#2608 = ORIENTED_EDGE ( 'NONE', *, *, #226, .F. ) ;
#2609 = DIRECTION ( 'NONE',  ( 0.000000000000000000, 1.000000000000000000, 0.000000000000000000 ) ) ;
#2610 = CARTESIAN_POINT ( 'NONE',  ( 0.2032000000000000195, 0.9143999999999996575, -0.7111999999999992772 ) ) ;
#2611 = ORIENTED_EDGE ( 'NONE', *, *, #2932, .F. ) ;
#2612 = EDGE_LOOP ( 'NONE', ( #3307, #3443, #41, #1377 ) ) ;
#2613 = LINE ( 'NONE', #926, #2823 ) ;
#2614 = PRESENTATION_LAYER_ASSIGNMENT (  '', '', ( #561 ) ) ;
#2615 = LINE ( 'NONE', #2304, #3324 ) ;
#2616 = ORIENTED_EDGE ( 'NONE', *, *, #2198, .T. ) ;
#2617 = CARTESIAN_POINT ( 'NONE',  ( 0.2032000000000000195, 7.341191114092791373E-18, -0.7111999999999992772 ) ) ;
#2618 = ADVANCED_FACE ( 'NONE', ( #3484 ), #2847, .F. ) ;
#2619 = EDGE_CURVE ( 'NONE', #2417, #46, #1804, .T. ) ;
#2620 = DIRECTION ( 'NONE',  ( 1.000000000000000000, 0.000000000000000000, 0.000000000000000000 ) ) ;
#2621 = ORIENTED_EDGE ( 'NONE', *, *, #1768, .T. ) ;
#2622 = DIRECTION ( 'NONE',  ( 2.667820306312756325E-16, 0.000000000000000000, -1.000000000000000000 ) ) ;
#2623 = LINE ( 'NONE', #2331, #2756 ) ;
#2624 = CARTESIAN_POINT ( 'NONE',  ( 0.8635999999999997012, 1.016000000000000014, -1.701799999999999757 ) ) ;
#2625 = LINE ( 'NONE', #737, #2231 ) ;
#2626 = CARTESIAN_POINT ( 'NONE',  ( -1.473200000000000065, 1.016000000000000014, -0.4318000000000000171 ) ) ;
#2627 = CARTESIAN_POINT ( 'NONE',  ( 0.2032000000000000195, 5.003799999999999137, 0.1136258938000992841 ) ) ;
#2628 = EDGE_LOOP ( 'NONE', ( #3477, #2194, #184, #709 ) ) ;
#2629 = CARTESIAN_POINT ( 'NONE',  ( -0.2032000000000000195, 2.006599999999999717, 0.000000000000000000 ) ) ;
#2630 = FILL_AREA_STYLE ('',( #3435 ) ) ;
#2631 = EDGE_CURVE ( 'NONE', #3145, #2112, #2336, .T. ) ;
#2632 = CARTESIAN_POINT ( 'NONE',  ( -0.2031999999999867246, 1.016000000000000014, 0.8382000000000000561 ) ) ;
#2633 = ORIENTED_EDGE ( 'NONE', *, *, #1768, .F. ) ;
#2634 = CARTESIAN_POINT ( 'NONE',  ( 0.2032000000000000195, 4.495799999999989360, 0.2031999999999996309 ) ) ;
#2635 = EDGE_CURVE ( 'NONE', #1774, #751, #940, .T. ) ;
#2636 = MECHANICAL_DESIGN_GEOMETRIC_PRESENTATION_REPRESENTATION (  '', ( #2175 ), #1940 ) ;
#2637 = DIRECTION ( 'NONE',  ( 0.000000000000000000, 1.000000000000000000, 0.000000000000000000 ) ) ;
#2638 = VERTEX_POINT ( 'NONE', #610 ) ;
#2639 = EDGE_CURVE ( 'NONE', #2798, #2850, #1730, .T. ) ;
#2640 = VECTOR ( 'NONE', #1156, 1000.000000000000000 ) ;
#2641 = DIRECTION ( 'NONE',  ( 1.000000000000000000, 0.000000000000000000, -2.667820306312751888E-16 ) ) ;
#2642 = CARTESIAN_POINT ( 'NONE',  ( -0.1136258938000995339, 0.000000000000000000, -1.917699999999999072 ) ) ;
#2643 = ADVANCED_FACE ( 'NONE', ( #902 ), #2976, .T. ) ;
#2644 = CARTESIAN_POINT ( 'NONE',  ( 0.2032000000000133977, 1.016000000000000014, 0.8382000000000000561 ) ) ;
#2645 = AXIS2_PLACEMENT_3D ( 'NONE', #1299, #2955, #1526 ) ;
#2646 = CARTESIAN_POINT ( 'NONE',  ( 0.2032000000000000195, 4.495799999999989360, 0.2031999999999996587 ) ) ;
#2647 = DIRECTION ( 'NONE',  ( 0.000000000000000000, 1.000000000000000000, 0.000000000000000000 ) ) ;
#2648 = AXIS2_PLACEMENT_3D ( 'NONE', #825, #807, #2731 ) ;
#2649 = FILL_AREA_STYLE_COLOUR ( '', #1917 ) ;
#2650 = VERTEX_POINT ( 'NONE', #158 ) ;
#2651 = FACE_OUTER_BOUND ( 'NONE', #2868, .T. ) ;
#2652 = CARTESIAN_POINT ( 'NONE',  ( 1.676400000000001222, 1.016000000000000014, 1.701799999999999757 ) ) ;
#2653 = ORIENTED_EDGE ( 'NONE', *, *, #1747, .F. ) ;
#2654 = DIRECTION ( 'NONE',  ( 0.000000000000000000, 1.000000000000000000, -7.714179198976647231E-17 ) ) ;
#2655 = ORIENTED_EDGE ( 'NONE', *, *, #2424, .F. ) ;
#2656 = PLANE ( 'NONE',  #1999 ) ;
#2657 = FACE_OUTER_BOUND ( 'NONE', #2450, .T. ) ;
#2658 = CARTESIAN_POINT ( 'NONE',  ( 0.2032000000000001583, 1.016000000000000014, -0.4318000000000000171 ) ) ;
#2659 = PLANE ( 'NONE',  #2729 ) ;
#2660 = EDGE_CURVE ( 'NONE', #615, #2901, #1015, .T. ) ;
#2661 = ORIENTED_EDGE ( 'NONE', *, *, #778, .T. ) ;
#2662 = FACE_BOUND ( 'NONE', #514, .T. ) ;
#2663 = SHAPE_DEFINITION_REPRESENTATION ( #3467, #812 ) ;
#2664 = VECTOR ( 'NONE', #3005, 1000.000000000000000 ) ;
#2665 = LINE ( 'NONE', #162, #969 ) ;
#2666 = ORIENTED_EDGE ( 'NONE', *, *, #304, .T. ) ;
#2667 = CARTESIAN_POINT ( 'NONE',  ( -0.4896035955532543893, 2.006599999999999717, -1.473199999999999621 ) ) ;
#2668 = ORIENTED_EDGE ( 'NONE', *, *, #3437, .F. ) ;
#2669 = DIRECTION ( 'NONE',  ( 0.3420201433256709889, 0.000000000000000000, 0.9396926207859075397 ) ) ;
#2670 = VECTOR ( 'NONE', #3249, 999.9999999999998863 ) ;
#2671 = ADVANCED_FACE ( 'NONE', ( #722 ), #757, .F. ) ;
#2672 = DIRECTION ( 'NONE',  ( 0.000000000000000000, 0.000000000000000000, -1.000000000000000000 ) ) ;
#2673 = CARTESIAN_POINT ( 'NONE',  ( -1.676400000000000334, 1.016000000000000014, -1.701799999999999757 ) ) ;
#2674 = AXIS2_PLACEMENT_3D ( 'NONE', #1032, #505, #198 ) ;
#2675 = VECTOR ( 'NONE', #1501, 1000.000000000000000 ) ;
#2676 = ORIENTED_EDGE ( 'NONE', *, *, #934, .T. ) ;
#2677 = DIRECTION ( 'NONE',  ( 0.000000000000000000, -1.000000000000000000, 0.000000000000000000 ) ) ;
#2678 = CARTESIAN_POINT ( 'NONE',  ( 0.2032000000000000195, 0.7873999999999997668, -0.5841999999999992754 ) ) ;
#2679 = CARTESIAN_POINT ( 'NONE',  ( -1.473199999999986742, 1.016000000000000014, 0.8382000000000000561 ) ) ;
#2680 = ORIENTED_EDGE ( 'NONE', *, *, #403, .T. ) ;
#2681 = DIRECTION ( 'NONE',  ( 0.000000000000000000, 0.000000000000000000, -1.000000000000000000 ) ) ;
#2682 = EDGE_CURVE ( 'NONE', #2086, #2414, #1278, .T. ) ;
#2683 = PLANE ( 'NONE',  #617 ) ;
#2684 = EDGE_CURVE ( 'NONE', #24, #758, #1840, .T. ) ;
#2685 = ORIENTED_EDGE ( 'NONE', *, *, #1997, .T. ) ;
#2686 = CARTESIAN_POINT ( 'NONE',  ( -0.7803964044467467387, 2.006599999999999717, -1.473200000000000065 ) ) ;
#2687 = VECTOR ( 'NONE', #169, 1000.000000000000000 ) ;
#2688 = ORIENTED_EDGE ( 'NONE', *, *, #372, .T. ) ;
#2689 = PLANE ( 'NONE',  #1348 ) ;
#2690 = FACE_OUTER_BOUND ( 'NONE', #3367, .T. ) ;
#2691 = LINE ( 'NONE', #974, #2435 ) ;
#2692 = ORIENTED_EDGE ( 'NONE', *, *, #37, .T. ) ;
#2693 = AXIS2_PLACEMENT_3D ( 'NONE', #1493, #2289, #3419 ) ;
#2694 = SURFACE_SIDE_STYLE ('',( #1816 ) ) ;
#2695 = SURFACE_STYLE_FILL_AREA ( #2406 ) ;
#2696 = VECTOR ( 'NONE', #2802, 1000.000000000000000 ) ;
#2697 = CARTESIAN_POINT ( 'NONE',  ( 1.066800000000000193, 1.016000000000000014, -0.4318000000000000171 ) ) ;
#2698 = VERTEX_POINT ( 'NONE', #175 ) ;
#2699 = DIRECTION ( 'NONE',  ( -0.3420201433256684354, 0.000000000000000000, -0.9396926207859085389 ) ) ;
#2700 = DIRECTION ( 'NONE',  ( 0.000000000000000000, 0.000000000000000000, 1.000000000000000000 ) ) ;
#2701 = EDGE_CURVE ( 'NONE', #3474, #1841, #2993, .T. ) ;
#2702 = CARTESIAN_POINT ( 'NONE',  ( -0.6349999999999996758, 1.016000000000000014, 1.473199999999999843 ) ) ;
#2703 = ORIENTED_EDGE ( 'NONE', *, *, #1072, .F. ) ;
#2704 = DIRECTION ( 'NONE',  ( 0.000000000000000000, 1.000000000000000000, 0.000000000000000000 ) ) ;
#2705 =( REPRESENTATION_RELATIONSHIP ('NONE','NONE', #3438, #2314 ) REPRESENTATION_RELATIONSHIP_WITH_TRANSFORMATION ( #2278 )SHAPE_REPRESENTATION_RELATIONSHIP( ) );
#2706 = ORIENTED_EDGE ( 'NONE', *, *, #47, .F. ) ;
#2707 = EDGE_CURVE ( 'NONE', #1533, #1177, #211, .T. ) ;
#2708 = CARTESIAN_POINT ( 'NONE',  ( -1.905000000000000471, 2.006599999999999717, 1.473200000000000065 ) ) ;
#2709 = UNCERTAINTY_MEASURE_WITH_UNIT (LENGTH_MEASURE( 1.000000000000000082E-05 ), #1688, 'distance_accuracy_value', 'NONE');
#2710 = DIRECTION ( 'NONE',  ( 1.000000000000000000, -0.000000000000000000, 0.000000000000000000 ) ) ;
#2711 = ORIENTED_EDGE ( 'NONE', *, *, #2040, .F. ) ;
#2712 = SURFACE_SIDE_STYLE ('',( #3046 ) ) ;
#2713 = CARTESIAN_POINT ( 'NONE',  ( 0.2032000000000000195, -1.567521213232048210E-17, -0.2031999999999991313 ) ) ;
#2714 = CARTESIAN_POINT ( 'NONE',  ( 0.2032000000000000195, 2.006599999999999717, -0.2031999999999993256 ) ) ;
#2715 = ORIENTED_EDGE ( 'NONE', *, *, #912, .T. ) ;
#2716 = CARTESIAN_POINT ( 'NONE',  ( -1.066799999999986648, 1.016000000000000014, 0.8382000000000000561 ) ) ;
#2717 = DIRECTION ( 'NONE',  ( 0.000000000000000000, 0.000000000000000000, 1.000000000000000000 ) ) ;
#2718 = FACE_OUTER_BOUND ( 'NONE', #1845, .T. ) ;
#2719 = VERTEX_POINT ( 'NONE', #432 ) ;
#2720 = ORIENTED_EDGE ( 'NONE', *, *, #2860, .F. ) ;
#2721 = DIRECTION ( 'NONE',  ( 0.000000000000000000, 1.000000000000000000, -7.714179198976647231E-17 ) ) ;
#2722 = VECTOR ( 'NONE', #3304, 1000.000000000000000 ) ;
#2723 = EDGE_LOOP ( 'NONE', ( #1247, #1046, #839, #2254 ) ) ;
#2724 = CARTESIAN_POINT ( 'NONE',  ( 0.4896035955532533346, 1.016000000000000014, -1.473200000000000065 ) ) ;
#2725 = ADVANCED_FACE ( 'NONE', ( #2409 ), #2120, .F. ) ;
#2726 = CARTESIAN_POINT ( 'NONE',  ( 0.2032000000000000195, 5.003799999999999137, 0.000000000000000000 ) ) ;
#2727 = VERTEX_POINT ( 'NONE', #2679 ) ;
#2728 = VECTOR ( 'NONE', #3403, 1000.000000000000000 ) ;
#2729 = AXIS2_PLACEMENT_3D ( 'NONE', #468, #195, #2426 ) ;
#2730 = DIRECTION ( 'NONE',  ( -1.000000000000000000, -0.000000000000000000, -0.000000000000000000 ) ) ;
#2731 = DIRECTION ( 'NONE',  ( -0.3420201433256692125, 0.000000000000000000, 0.9396926207859083169 ) ) ;
#2732 = SURFACE_SIDE_STYLE ('',( #280 ) ) ;
#2733 = VECTOR ( 'NONE', #3143, 1000.000000000000000 ) ;
#2734 = DIRECTION ( 'NONE',  ( 1.000000000000000000, 0.000000000000000000, 0.000000000000000000 ) ) ;
#2735 = ORIENTED_EDGE ( 'NONE', *, *, #1246, .F. ) ;
#2736 = CARTESIAN_POINT ( 'NONE',  ( 0.2032000000000001583, 1.016000000000000014, -0.4318000000000000171 ) ) ;
#2737 = CARTESIAN_POINT ( 'NONE',  ( 0.000000000000000000, 0.000000000000000000, 0.000000000000000000 ) ) ;
#2738 = CARTESIAN_POINT ( 'NONE',  ( -0.1136258938000995339, 0.000000000000000000, -1.917699999999999072 ) ) ;
#2739 = CIRCLE ( 'NONE', #1370, 0.9143999999999996575 ) ;
#2740 = EDGE_LOOP ( 'NONE', ( #3349, #371, #2824, #924 ) ) ;
#2741 = ORIENTED_EDGE ( 'NONE', *, *, #2619, .T. ) ;
#2742 = EDGE_CURVE ( 'NONE', #3449, #2036, #2953, .T. ) ;
#2743 = DIRECTION ( 'NONE',  ( 0.000000000000000000, 0.000000000000000000, -1.000000000000000000 ) ) ;
#2744 = ADVANCED_FACE ( 'NONE', ( #2459 ), #1297, .T. ) ;
#2745 = ORIENTED_EDGE ( 'NONE', *, *, #1927, .T. ) ;
#2746 = DIRECTION ( 'NONE',  ( 0.000000000000000000, 1.000000000000000000, 0.000000000000000000 ) ) ;
#2747 = VECTOR ( 'NONE', #1994, 1000.000000000000000 ) ;
#2748 = EDGE_CURVE ( 'NONE', #2921, #2638, #227, .T. ) ;
#2749 = DIRECTION ( 'NONE',  ( -1.000000000000000000, 0.000000000000000000, 2.982748236756050646E-15 ) ) ;
#2750 = ADVANCED_FACE ( 'NONE', ( #3522 ), #2659, .T. ) ;
#2751 = ORIENTED_EDGE ( 'NONE', *, *, #979, .F. ) ;
#2752 = LINE ( 'NONE', #1647, #764 ) ;
#2753 = CARTESIAN_POINT ( 'NONE',  ( -1.066799999999999971, 1.016000000000000014, -0.4318000000000000171 ) ) ;
#2754 = LINE ( 'NONE', #3336, #3032 ) ;
#2755 = VECTOR ( 'NONE', #1626, 1000.000000000000000 ) ;
#2756 = VECTOR ( 'NONE', #1481, 1000.000000000000000 ) ;
#2757 = ORIENTED_EDGE ( 'NONE', *, *, #2481, .F. ) ;
#2758 = DIRECTION ( 'NONE',  ( 0.000000000000000000, 0.000000000000000000, -1.000000000000000000 ) ) ;
#2759 = EDGE_CURVE ( 'NONE', #267, #3393, #3534, .T. ) ;
#2760 = VECTOR ( 'NONE', #2030, 1000.000000000000000 ) ;
#2761 = AXIS2_PLACEMENT_3D ( 'NONE', #36, #1148, #2004 ) ;
#2762 = FACE_OUTER_BOUND ( 'NONE', #2612, .T. ) ;
#2763 = ORIENTED_EDGE ( 'NONE', *, *, #519, .T. ) ;
#2764 = VECTOR ( 'NONE', #2300, 1000.000000000000000 ) ;
#2765 = ORIENTED_EDGE ( 'NONE', *, *, #1879, .F. ) ;
#2766 = DIRECTION ( 'NONE',  ( 0.000000000000000000, 0.000000000000000000, -1.000000000000000000 ) ) ;
#2767 = VECTOR ( 'NONE', #3445, 1000.000000000000000 ) ;
#2768 = DIRECTION ( 'NONE',  ( -5.335640612625515608E-16, 0.000000000000000000, -1.000000000000000000 ) ) ;
#2769 = ORIENTED_EDGE ( 'NONE', *, *, #245, .F. ) ;
#2770 = CARTESIAN_POINT ( 'NONE',  ( 0.2032000000000000195, 0.4063999999999998725, -1.409699999999988185 ) ) ;
#2771 = EDGE_LOOP ( 'NONE', ( #781, #1606, #1929, #253 ) ) ;
#2772 = CARTESIAN_POINT ( 'NONE',  ( 1.676400000000001222, 2.006599999999999717, 1.701799999999999757 ) ) ;
#2773 = FACE_OUTER_BOUND ( 'NONE', #1823, .T. ) ;
#2774 = EDGE_CURVE ( 'NONE', #3034, #2578, #1067, .T. ) ;
#2775 = LINE ( 'NONE', #2515, #2325 ) ;
#2776 = DIRECTION ( 'NONE',  ( 1.000000000000000000, 0.000000000000000000, 0.000000000000000000 ) ) ;
#2777 = EDGE_LOOP ( 'NONE', ( #64, #1985, #433, #2398 ) ) ;
#2778 = CARTESIAN_POINT ( 'NONE',  ( 1.066800000000013293, 1.016000000000000014, 0.8382000000000000561 ) ) ;
#2779 = CARTESIAN_POINT ( 'NONE',  ( -0.2032000000000000195, 0.7873999999999999888, 0.2032000000000004913 ) ) ;
#2780 = ADVANCED_FACE ( 'NONE', ( #1332 ), #1029, .T. ) ;
#2781 = ORIENTED_EDGE ( 'NONE', *, *, #624, .T. ) ;
#2782 = VERTEX_POINT ( 'NONE', #2939 ) ;
#2783 = LINE ( 'NONE', #559, #2696 ) ;
#2784 = LINE ( 'NONE', #270, #1213 ) ;
#2785 = ORIENTED_EDGE ( 'NONE', *, *, #3305, .F. ) ;
#2786 = VECTOR ( 'NONE', #2232, 999.9999999999998863 ) ;
#2787 = DIRECTION ( 'NONE',  ( 0.000000000000000000, 1.000000000000000000, -2.386124994466068663E-16 ) ) ;
#2788 = ORIENTED_EDGE ( 'NONE', *, *, #1065, .F. ) ;
#2789 = CARTESIAN_POINT ( 'NONE',  ( -1.759603595553254962, 1.016000000000000014, 1.473200000000000065 ) ) ;
#2790 = ADVANCED_FACE ( 'NONE', ( #1045 ), #3010, .F. ) ;
#2791 = CARTESIAN_POINT ( 'NONE',  ( -1.473200000000000065, 1.016000000000000014, -0.4318000000000000171 ) ) ;
#2792 = DIRECTION ( 'NONE',  ( 0.000000000000000000, 8.537024980200820832E-16, -1.000000000000000000 ) ) ;
#2793 = LINE ( 'NONE', #282, #2970 ) ;
#2794 = ORIENTED_EDGE ( 'NONE', *, *, #2159, .T. ) ;
#2795 = CARTESIAN_POINT ( 'NONE',  ( 0.7803964044467451844, 2.006599999999999717, 1.473200000000000065 ) ) ;
#2796 = MECHANICAL_DESIGN_GEOMETRIC_PRESENTATION_REPRESENTATION (  '', ( #3482 ), #3489 ) ;
#2797 = CARTESIAN_POINT ( 'NONE',  ( 0.2032000000000000195, 0.000000000000000000, -1.917699999999999072 ) ) ;
#2798 = VERTEX_POINT ( 'NONE', #1085 ) ;
#2799 = EDGE_CURVE ( 'NONE', #814, #2270, #1983, .T. ) ;
#2800 = VECTOR ( 'NONE', #2500, 1000.000000000000000 ) ;
#2801 = ORIENTED_EDGE ( 'NONE', *, *, #111, .F. ) ;
#2802 = DIRECTION ( 'NONE',  ( 1.000000000000000000, -0.000000000000000000, -0.000000000000000000 ) ) ;
#2803 = PRODUCT_DEFINITION_FORMATION_WITH_SPECIFIED_SOURCE ( 'ANY', '', #951, .NOT_KNOWN. ) ;
#2804 = EDGE_CURVE ( 'NONE', #3156, #1418, #865, .T. ) ;
#2805 = PLANE ( 'NONE',  #1109 ) ;
#2806 = ORIENTED_EDGE ( 'NONE', *, *, #1968, .T. ) ;
#2807 = PRODUCT_DEFINITION_CONTEXT ( 'detailed design', #349, 'design' ) ;
#2808 = DIRECTION ( 'NONE',  ( -0.3420201433256684354, -0.000000000000000000, -0.9396926207859085389 ) ) ;
#2809 = ORIENTED_EDGE ( 'NONE', *, *, #2279, .F. ) ;
#2810 = CARTESIAN_POINT ( 'NONE',  ( -1.473199999999986742, 1.016000000000000014, 0.8382000000000000561 ) ) ;
#2811 = CARTESIAN_POINT ( 'NONE',  ( -0.2032000000000000195, 0.7873999999999997668, -0.5841999999999992754 ) ) ;
#2812 = DIRECTION ( 'NONE',  ( -0.3420201433256692125, 0.000000000000000000, 0.9396926207859083169 ) ) ;
#2813 = VERTEX_POINT ( 'NONE', #3049 ) ;
#2814 = CARTESIAN_POINT ( 'NONE',  ( 0.2032000000000001583, 1.016000000000000014, -0.4318000000000000171 ) ) ;
#2815 = CONTEXT_DEPENDENT_SHAPE_REPRESENTATION ( #976, #2357 ) ;
#2816 = DIRECTION ( 'NONE',  ( -0.000000000000000000, 1.000000000000000000, 1.032225972172778152E-17 ) ) ;
#2817 = VERTEX_POINT ( 'NONE', #1667 ) ;
#2818 = EDGE_LOOP ( 'NONE', ( #2554, #1889, #1935, #2422 ) ) ;
#2819 = MECHANICAL_DESIGN_GEOMETRIC_PRESENTATION_REPRESENTATION (  '', ( #2577 ), #1229 ) ;
#2820 = CARTESIAN_POINT ( 'NONE',  ( 1.759603595553255406, 1.016000000000000014, 1.473199999999999843 ) ) ;
#2821 = VECTOR ( 'NONE', #1779, 1000.000000000000000 ) ;
#2822 = CARTESIAN_POINT ( 'NONE',  ( -0.2032000000000000195, 2.006599999999999717, -0.2031999999999992979 ) ) ;
#2823 = VECTOR ( 'NONE', #2886, 999.9999999999998863 ) ;
#2824 = ORIENTED_EDGE ( 'NONE', *, *, #2324, .F. ) ;
#2825 = AXIS2_PLACEMENT_3D ( 'NONE', #265, #2462, #2191 ) ;
#2826 = CARTESIAN_POINT ( 'NONE',  ( -0.2031999999999999640, 2.006599999999999717, -0.4318000000000000171 ) ) ;
#2827 = EDGE_CURVE ( 'NONE', #3570, #2849, #1689, .T. ) ;
#2828 = VERTEX_POINT ( 'NONE', #2549 ) ;
#2829 = DIRECTION ( 'NONE',  ( 0.000000000000000000, 0.000000000000000000, -1.000000000000000000 ) ) ;
#2830 = CARTESIAN_POINT ( 'NONE',  ( 0.2032000000000000195, 0.7873999999999999888, 0.2032000000000004913 ) ) ;
#2831 = LINE ( 'NONE', #3352, #2041 ) ;
#2832 = VERTEX_POINT ( 'NONE', #262 ) ;
#2833 = CARTESIAN_POINT ( 'NONE',  ( -0.2031999999999867246, 2.006599999999999717, 0.8382000000000000561 ) ) ;
#2834 = ORIENTED_EDGE ( 'NONE', *, *, #3086, .F. ) ;
#2835 = ORIENTED_EDGE ( 'NONE', *, *, #3122, .F. ) ;
#2836 = CARTESIAN_POINT ( 'NONE',  ( -0.6350000000000003419, 1.016000000000000014, -1.473200000000000287 ) ) ;
#2837 = DIRECTION ( 'NONE',  ( 0.000000000000000000, 0.000000000000000000, -1.000000000000000000 ) ) ;
#2838 = ORIENTED_EDGE ( 'NONE', *, *, #1005, .T. ) ;
#2839 = LINE ( 'NONE', #52, #2728 ) ;
#2840 = ORIENTED_EDGE ( 'NONE', *, *, #3546, .T. ) ;
#2841 = EDGE_CURVE ( 'NONE', #1694, #2876, #2831, .T. ) ;
#2842 = CARTESIAN_POINT ( 'NONE',  ( 1.473200000000000287, 1.016000000000000014, -0.4318000000000000171 ) ) ;
#2843 = PLANE ( 'NONE',  #2761 ) ;
#2844 = CARTESIAN_POINT ( 'NONE',  ( -1.905000000000000471, 2.006599999999999717, -1.473200000000000287 ) ) ;
#2845 = ORIENTED_EDGE ( 'NONE', *, *, #1491, .T. ) ;
#2846 = DIRECTION ( 'NONE',  ( -1.000000000000000000, 0.000000000000000000, 0.000000000000000000 ) ) ;
#2847 = CYLINDRICAL_SURFACE ( 'NONE', #747, 0.5080000000000000071 ) ;
#2848 = EDGE_CURVE ( 'NONE', #307, #904, #246, .T. ) ;
#2849 = VERTEX_POINT ( 'NONE', #3300 ) ;
#2850 = VERTEX_POINT ( 'NONE', #2209 ) ;
#2851 = PLANE ( 'NONE',  #649 ) ;
#2852 = PLANE ( 'NONE',  #1620 ) ;
#2853 = ORIENTED_EDGE ( 'NONE', *, *, #1581, .F. ) ;
#2854 = FACE_OUTER_BOUND ( 'NONE', #909, .T. ) ;
#2855 = ADVANCED_FACE ( 'NONE', ( #1354 ), #809, .T. ) ;
#2856 = DIRECTION ( 'NONE',  ( -5.335640612625515608E-16, 0.000000000000000000, -1.000000000000000000 ) ) ;
#2857 = VECTOR ( 'NONE', #3439, 1000.000000000000000 ) ;
#2858 = ORIENTED_EDGE ( 'NONE', *, *, #2458, .F. ) ;
#2859 = CARTESIAN_POINT ( 'NONE',  ( -0.1136258938000996449, 5.003799999999999137, 0.000000000000000000 ) ) ;
#2860 = EDGE_CURVE ( 'NONE', #2782, #2876, #1121, .T. ) ;
#2861 = CARTESIAN_POINT ( 'NONE',  ( 0.7803964044467456285, 1.016000000000000014, -1.473199999999999621 ) ) ;
#2862 = EDGE_CURVE ( 'NONE', #207, #1449, #2516, .T. ) ;
#2863 = LINE ( 'NONE', #2844, #1683 ) ;
#2864 = ORIENTED_EDGE ( 'NONE', *, *, #1044, .F. ) ;
#2865 = DIRECTION ( 'NONE',  ( 0.000000000000000000, -1.000000000000000000, 2.314253759692994169E-16 ) ) ;
#2866 = EDGE_CURVE ( 'NONE', #2454, #801, #589, .T. ) ;
#2867 = VERTEX_POINT ( 'NONE', #539 ) ;
#2868 = EDGE_LOOP ( 'NONE', ( #748, #3306, #1364, #852, #2544, #3423, #2287, #1634, #2611, #3118, #601, #1126 ) ) ;
#2869 = CARTESIAN_POINT ( 'NONE',  ( 2.540000000000000036, 2.006599999999999717, 0.000000000000000000 ) ) ;
#2870 = LINE ( 'NONE', #144, #2388 ) ;
#2871 = VECTOR ( 'NONE', #1530, 1000.000000000000000 ) ;
#2872 = ORIENTED_EDGE ( 'NONE', *, *, #1168, .T. ) ;
#2873 = DIRECTION ( 'NONE',  ( -1.000000000000000000, 0.000000000000000000, 0.000000000000000000 ) ) ;
#2874 = VECTOR ( 'NONE', #524, 1000.000000000000000 ) ;
#2875 = CARTESIAN_POINT ( 'NONE',  ( -1.066799999999986648, 1.016000000000000014, 0.4318000000000000727 ) ) ;
#2876 = VERTEX_POINT ( 'NONE', #3605 ) ;
#2877 = VECTOR ( 'NONE', #1590, 1000.000000000000227 ) ;
#2878 = CARTESIAN_POINT ( 'NONE',  ( -0.7803964044467467387, 1.016000000000000014, -1.473200000000000065 ) ) ;
#2879 = CARTESIAN_POINT ( 'NONE',  ( -0.6350000000000003419, 1.016000000000000014, 1.473200000000000065 ) ) ;
#2880 = DIRECTION ( 'NONE',  ( -1.000000000000000000, 0.000000000000000000, -0.000000000000000000 ) ) ;
#2881 = VERTEX_POINT ( 'NONE', #1369 ) ;
#2882 = LINE ( 'NONE', #2833, #421 ) ;
#2883 =( NAMED_UNIT ( * ) PLANE_ANGLE_UNIT ( ) SI_UNIT ( $, .RADIAN. ) );
#2884 = ORIENTED_EDGE ( 'NONE', *, *, #1279, .T. ) ;
#2885 = ORIENTED_EDGE ( 'NONE', *, *, #333, .T. ) ;
#2886 = DIRECTION ( 'NONE',  ( 0.1710878697460325448, -0.9702875252478150303, -0.1710878697460325448 ) ) ;
#2887 =( NAMED_UNIT ( * ) PLANE_ANGLE_UNIT ( ) SI_UNIT ( $, .RADIAN. ) );
#2888 = CARTESIAN_POINT ( 'NONE',  ( 1.759603595553255406, 1.016000000000000014, 1.473199999999999843 ) ) ;
#2889 = VERTEX_POINT ( 'NONE', #3033 ) ;
#2890 = CARTESIAN_POINT ( 'NONE',  ( 0.2032000000000133977, 1.016000000000000014, 0.8382000000000000561 ) ) ;
#2891 = FACE_OUTER_BOUND ( 'NONE', #754, .T. ) ;
#2892 = EDGE_LOOP ( 'NONE', ( #620, #3485, #2265, #3163 ) ) ;
#2893 = DIRECTION ( 'NONE',  ( 0.000000000000000000, 0.000000000000000000, -1.000000000000000000 ) ) ;
#2894 = FACE_OUTER_BOUND ( 'NONE', #1957, .T. ) ;
#2895 = CARTESIAN_POINT ( 'NONE',  ( -0.2031999999999867246, 2.006599999999999717, 0.8382000000000000561 ) ) ;
#2896 = EDGE_CURVE ( 'NONE', #2073, #3597, #2261, .T. ) ;
#2897 =( NAMED_UNIT ( * ) PLANE_ANGLE_UNIT ( ) SI_UNIT ( $, .RADIAN. ) );
#2898 = DIRECTION ( 'NONE',  ( -0.000000000000000000, -0.000000000000000000, 1.000000000000000000 ) ) ;
#2899 = AXIS2_PLACEMENT_3D ( 'NONE', #753, #718, #768 ) ;
#2900 = EDGE_CURVE ( 'NONE', #3328, #814, #2754, .T. ) ;
#2901 = VERTEX_POINT ( 'NONE', #829 ) ;
#2902 = EDGE_LOOP ( 'NONE', ( #2765, #1571, #2190, #469 ) ) ;
#2903 = CARTESIAN_POINT ( 'NONE',  ( 0.2032000000000000195, 0.000000000000000000, -1.409699999999988185 ) ) ;
#2904 =( LENGTH_UNIT ( ) NAMED_UNIT ( * ) SI_UNIT ( .MILLI., .METRE. ) );
#2905 = PLANE ( 'NONE',  #808 ) ;
#2906 = EDGE_CURVE ( 'NONE', #1177, #63, #1630, .T. ) ;
#2907 = ORIENTED_EDGE ( 'NONE', *, *, #2759, .F. ) ;
#2908 = DIRECTION ( 'NONE',  ( 0.1710878697460324616, -0.1710878697460324616, -0.9702875252478150303 ) ) ;
#2909 = EDGE_CURVE ( 'NONE', #751, #3432, #2793, .T. ) ;
#2910 = CARTESIAN_POINT ( 'NONE',  ( -0.4896035955532548334, 1.016000000000000014, 1.473200000000000065 ) ) ;
#2911 = PRODUCT_DEFINITION_SHAPE ( 'NONE', 'NONE',  #3611 ) ;
#2912 = ORIENTED_EDGE ( 'NONE', *, *, #2443, .T. ) ;
#2913 = VECTOR ( 'NONE', #318, 1000.000000000000000 ) ;
#2914 = ADVANCED_FACE ( 'NONE', ( #1 ), #1965, .T. ) ;
#2915 = CARTESIAN_POINT ( 'NONE',  ( 0.8635999999999997012, 2.006599999999999717, 1.701799999999999979 ) ) ;
#2916 = LINE ( 'NONE', #2199, #68 ) ;
#2917 = FACE_OUTER_BOUND ( 'NONE', #2238, .T. ) ;
#2918 = DIRECTION ( 'NONE',  ( 0.000000000000000000, 1.000000000000000000, -2.314253759692994169E-16 ) ) ;
#2919 = LINE ( 'NONE', #446, #645 ) ;
#2920 =( NAMED_UNIT ( * ) SI_UNIT ( $, .STERADIAN. ) SOLID_ANGLE_UNIT ( ) );
#2921 = VERTEX_POINT ( 'NONE', #1407 ) ;
#2922 = PLANE ( 'NONE',  #943 ) ;
#2923 =( LENGTH_UNIT ( ) NAMED_UNIT ( * ) SI_UNIT ( .MILLI., .METRE. ) );
#2924 = DIRECTION ( 'NONE',  ( -1.000000000000000000, -0.000000000000000000, -0.000000000000000000 ) ) ;
#2925 = ORIENTED_EDGE ( 'NONE', *, *, #1948, .F. ) ;
#2926 = DIRECTION ( 'NONE',  ( 0.000000000000000000, 1.000000000000000000, -5.965312486165171658E-17 ) ) ;
#2927 = EDGE_CURVE ( 'NONE', #3597, #307, #19, .T. ) ;
#2928 = VECTOR ( 'NONE', #110, 1000.000000000000000 ) ;
#2929 = ORIENTED_EDGE ( 'NONE', *, *, #2061, .F. ) ;
#2930 = VECTOR ( 'NONE', #2523, 1000.000000000000000 ) ;
#2931 = FACE_OUTER_BOUND ( 'NONE', #1194, .T. ) ;
#2932 = EDGE_CURVE ( 'NONE', #1661, #3377, #99, .T. ) ;
#2933 = CARTESIAN_POINT ( 'NONE',  ( 0.2032000000000000195, 4.495799999999989360, 0.2031999999999996309 ) ) ;
#2934 = LINE ( 'NONE', #3497, #30 ) ;
#2935 = AXIS2_PLACEMENT_3D ( 'NONE', #3035, #301, #1087 ) ;
#2936 = LINE ( 'NONE', #2646, #1995 ) ;
#2937 = SURFACE_STYLE_FILL_AREA ( #2098 ) ;
#2938 = VECTOR ( 'NONE', #2669, 1000.000000000000114 ) ;
#2939 = CARTESIAN_POINT ( 'NONE',  ( 0.2032000000000000195, 2.006599999999999717, -0.2031999999999993256 ) ) ;
#2940 = VERTEX_POINT ( 'NONE', #1798 ) ;
#2941 = CARTESIAN_POINT ( 'NONE',  ( 0.4063999999999994839, 2.006599999999999717, -1.701800000000000201 ) ) ;
#2942 = DIRECTION ( 'NONE',  ( 1.000000000000000000, -0.000000000000000000, 0.000000000000000000 ) ) ;
#2943 = ORIENTED_EDGE ( 'NONE', *, *, #381, .T. ) ;
#2944 = LINE ( 'NONE', #3257, #1463 ) ;
#2945 = ORIENTED_EDGE ( 'NONE', *, *, #1113, .T. ) ;
#2946 = DIRECTION ( 'NONE',  ( 0.000000000000000000, 1.000000000000000000, -5.965312486165171658E-17 ) ) ;
#2947 = DIRECTION ( 'NONE',  ( -0.3420201433256684354, -0.000000000000000000, -0.9396926207859085389 ) ) ;
#2948 = CARTESIAN_POINT ( 'NONE',  ( 0.2032000000000000195, 2.006599999999999717, 0.2032000000000002138 ) ) ;
#2949 = EDGE_CURVE ( 'NONE', #578, #1963, #1462, .T. ) ;
#2950 = CARTESIAN_POINT ( 'NONE',  ( 0.2032000000000000195, 5.003799999999999137, 0.000000000000000000 ) ) ;
#2951 = LINE ( 'NONE', #2973, #2877 ) ;
#2952 = EDGE_CURVE ( 'NONE', #3057, #160, #2863, .T. ) ;
#2953 = LINE ( 'NONE', #3569, #920 ) ;
#2954 = EDGE_LOOP ( 'NONE', ( #545, #2485, #3134, #2262 ) ) ;
#2955 = DIRECTION ( 'NONE',  ( 0.000000000000000000, -0.9848077530122086864, 0.1736481776669271948 ) ) ;
#2956 = DIRECTION ( 'NONE',  ( -1.000000000000000000, 0.000000000000000000, 6.982962677686266711E-15 ) ) ;
#2957 = ADVANCED_FACE ( 'NONE', ( #118 ), #3427, .T. ) ;
#2958 = DIRECTION ( 'NONE',  ( -1.000000000000000000, -0.000000000000000000, 5.335640612625515608E-16 ) ) ;
#2959 = ORIENTED_EDGE ( 'NONE', *, *, #2418, .T. ) ;
#2960 = VECTOR ( 'NONE', #2496, 1000.000000000000000 ) ;
#2961 = CYLINDRICAL_SURFACE ( 'NONE', #2064, 0.7873999999999997668 ) ;
#2962 = AXIS2_PLACEMENT_3D ( 'NONE', #2582, #2856, #352 ) ;
#2963 = ORIENTED_EDGE ( 'NONE', *, *, #2529, .F. ) ;
#2964 = VECTOR ( 'NONE', #2259, 1000.000000000000000 ) ;
#2965 = DIRECTION ( 'NONE',  ( 0.000000000000000000, 2.439149994343092652E-16, -1.000000000000000000 ) ) ;
#2966 = AXIS2_PLACEMENT_3D ( 'NONE', #1822, #1314, #2444 ) ;
#2967 = LINE ( 'NONE', #1079, #3331 ) ;
#2968 = PLANE ( 'NONE',  #269 ) ;
#2969 = EDGE_CURVE ( 'NONE', #2850, #294, #2297, .T. ) ;
#2970 = VECTOR ( 'NONE', #1651, 1000.000000000000000 ) ;
#2971 = ORIENTED_EDGE ( 'NONE', *, *, #2490, .T. ) ;
#2972 = DIRECTION ( 'NONE',  ( 0.000000000000000000, 1.000000000000000000, 0.000000000000000000 ) ) ;
#2973 = CARTESIAN_POINT ( 'NONE',  ( -0.1102999435389515615, 5.022662401249001540, 0.1102999435389511868 ) ) ;
#2974 = EDGE_CURVE ( 'NONE', #2495, #2650, #899, .T. ) ;
#2975 = AXIS2_PLACEMENT_3D ( 'NONE', #1473, #1508, #1018 ) ;
#2976 = PLANE ( 'NONE',  #862 ) ;
#2977 = ORIENTED_EDGE ( 'NONE', *, *, #2570, .F. ) ;
#2978 = DIRECTION ( 'NONE',  ( -0.000000000000000000, 1.000000000000000000, 0.000000000000000000 ) ) ;
#2979 = DIRECTION ( 'NONE',  ( 1.000000000000000000, 0.000000000000000000, 0.000000000000000000 ) ) ;
#2980 = CARTESIAN_POINT ( 'NONE',  ( -0.6350000000000003419, 2.006599999999999717, 1.473200000000000065 ) ) ;
#2981 = ORIENTED_EDGE ( 'NONE', *, *, #1072, .T. ) ;
#2982 = DIRECTION ( 'NONE',  ( 0.000000000000000000, 0.000000000000000000, -1.000000000000000000 ) ) ;
#2983 = VECTOR ( 'NONE', #290, 1000.000000000000000 ) ;
#2984 = ORIENTED_EDGE ( 'NONE', *, *, #2774, .T. ) ;
#2985 = CARTESIAN_POINT ( 'NONE',  ( -1.066799999999986648, 1.016000000000000014, 0.8382000000000000561 ) ) ;
#2986 = CARTESIAN_POINT ( 'NONE',  ( -0.6350000000000003419, 1.016000000000000014, 1.473200000000000065 ) ) ;
#2987 = ORIENTED_EDGE ( 'NONE', *, *, #1716, .T. ) ;
#2988 = VECTOR ( 'NONE', #73, 1000.000000000000000 ) ;
#2989 = VECTOR ( 'NONE', #2022, 1000.000000000000000 ) ;
#2990 = LINE ( 'NONE', #1872, #124 ) ;
#2991 = DIRECTION ( 'NONE',  ( 1.000000000000000000, 0.000000000000000000, -0.000000000000000000 ) ) ;
#2992 = VECTOR ( 'NONE', #847, 1000.000000000000000 ) ;
#2993 = LINE ( 'NONE', #700, #3261 ) ;
#2994 = ORIENTED_EDGE ( 'NONE', *, *, #1494, .T. ) ;
#2995 = STYLED_ITEM ( 'NONE', ( #699 ), #1334 ) ;
#2996 = DIRECTION ( 'NONE',  ( 0.1710878697460324616, -0.1710878697460324616, -0.9702875252478150303 ) ) ;
#2997 = PRODUCT_CONTEXT ( 'NONE', #529, 'mechanical' ) ;
#2998 = FACE_OUTER_BOUND ( 'NONE', #1829, .T. ) ;
#2999 = EDGE_LOOP ( 'NONE', ( #1069, #1769, #1252, #3274 ) ) ;
#3000 = ADVANCED_FACE ( 'NONE', ( #80 ), #1482, .F. ) ;
#3001 = ORIENTED_EDGE ( 'NONE', *, *, #37, .F. ) ;
#3002 = DIRECTION ( 'NONE',  ( -0.000000000000000000, 1.000000000000000000, 0.000000000000000000 ) ) ;
#3003 = ORIENTED_EDGE ( 'NONE', *, *, #2264, .T. ) ;
#3004 = CARTESIAN_POINT ( 'NONE',  ( 1.473200000000000287, 1.016000000000000014, -0.4318000000000000171 ) ) ;
#3005 = DIRECTION ( 'NONE',  ( -0.000000000000000000, -0.000000000000000000, 1.000000000000000000 ) ) ;
#3006 = ORIENTED_EDGE ( 'NONE', *, *, #204, .T. ) ;
#3007 = LINE ( 'NONE', #3548, #61 ) ;
#3008 = LINE ( 'NONE', #2225, #3568 ) ;
#3009 = EDGE_CURVE ( 'NONE', #2020, #2881, #2275, .T. ) ;
#3010 = PLANE ( 'NONE',  #1381 ) ;
#3011 = ORIENTED_EDGE ( 'NONE', *, *, #474, .F. ) ;
#3012 = DIRECTION ( 'NONE',  ( 0.9848077530122086864, 0.1736481776669272503, 0.000000000000000000 ) ) ;
#3013 = DIRECTION ( 'NONE',  ( 0.000000000000000000, 0.000000000000000000, 1.000000000000000000 ) ) ;
#3014 = EDGE_CURVE ( 'NONE', #2318, #196, #1763, .T. ) ;
#3015 = CARTESIAN_POINT ( 'NONE',  ( -1.473200000000000065, 1.016000000000000014, -0.4318000000000000171 ) ) ;
#3016 = ORIENTED_EDGE ( 'NONE', *, *, #3598, .F. ) ;
#3017 = VERTEX_POINT ( 'NONE', #2313 ) ;
#3018 = CARTESIAN_POINT ( 'NONE',  ( -0.2032000000000000195, -1.567521213232048210E-17, -0.2031999999999991313 ) ) ;
#3019 = COLOUR_RGB ( '',0.7921568627450980005, 0.8196078431372548767, 0.9333333333333333481 ) ;
#3020 = EDGE_CURVE ( 'NONE', #63, #2162, #2589, .T. ) ;
#3021 = VECTOR ( 'NONE', #2124, 1000.000000000000000 ) ;
#3022 = EDGE_CURVE ( 'NONE', #1618, #2561, #221, .T. ) ;
#3023 = PRESENTATION_LAYER_ASSIGNMENT (  '', '', ( #1672 ) ) ;
#3024 = ORIENTED_EDGE ( 'NONE', *, *, #2177, .T. ) ;
#3025 = LINE ( 'NONE', #1586, #939 ) ;
#3026 = VECTOR ( 'NONE', #960, 1000.000000000000000 ) ;
#3027 = CARTESIAN_POINT ( 'NONE',  ( -0.6350000000000005640, 2.006599999999999717, -1.473200000000000509 ) ) ;
#3028 = EDGE_LOOP ( 'NONE', ( #2489, #1150, #952, #2907 ) ) ;
#3029 = LINE ( 'NONE', #755, #2755 ) ;
#3030 = CARTESIAN_POINT ( 'NONE',  ( -0.4896035955532543893, 1.016000000000000014, -1.473199999999999621 ) ) ;
#3031 = LINE ( 'NONE', #1629, #2964 ) ;
#3032 = VECTOR ( 'NONE', #1422, 1000.000000000000000 ) ;
#3033 = CARTESIAN_POINT ( 'NONE',  ( 1.905000000000000471, 1.016000000000000014, 1.473199999999999843 ) ) ;
#3034 = VERTEX_POINT ( 'NONE', #625 ) ;
#3035 = CARTESIAN_POINT ( 'NONE',  ( -1.473200000000000065, 1.016000000000000014, -0.4318000000000000171 ) ) ;
#3036 = DIRECTION ( 'NONE',  ( 1.000000000000000000, 0.000000000000000000, 0.000000000000000000 ) ) ;
#3037 = CARTESIAN_POINT ( 'NONE',  ( -0.2032000000000000195, 4.495799999999989360, -0.2031999999999994921 ) ) ;
#3038 = ORIENTED_EDGE ( 'NONE', *, *, #3097, .T. ) ;
#3039 = EDGE_LOOP ( 'NONE', ( #823, #612, #673, #1075 ) ) ;
#3040 = CARTESIAN_POINT ( 'NONE',  ( 0.2032000000000000195, 0.08957410619990048561, -1.917699999999999072 ) ) ;
#3041 = CARTESIAN_POINT ( 'NONE',  ( -0.7803964044467449623, 1.016000000000000014, 1.473199999999999843 ) ) ;
#3042 = EDGE_LOOP ( 'NONE', ( #2389, #1737, #82, #2180 ) ) ;
#3043 = EDGE_CURVE ( 'NONE', #1385, #439, #2063, .T. ) ;
#3044 = DIRECTION ( 'NONE',  ( -0.000000000000000000, 1.000000000000000000, 9.339187367277517199E-18 ) ) ;
#3045 = ORIENTED_EDGE ( 'NONE', *, *, #1401, .F. ) ;
#3046 = SURFACE_STYLE_FILL_AREA ( #1063 ) ;
#3047 = LINE ( 'NONE', #536, #1175 ) ;
#3048 = EDGE_CURVE ( 'NONE', #3570, #2112, #356, .T. ) ;
#3049 = CARTESIAN_POINT ( 'NONE',  ( -0.2032000000000000195, 1.455128952971953214E-17, -1.409699999999988185 ) ) ;
#3050 = AXIS2_PLACEMENT_3D ( 'NONE', #466, #1838, #1781 ) ;
#3051 = VECTOR ( 'NONE', #134, 1000.000000000000000 ) ;
#3052 = ORIENTED_EDGE ( 'NONE', *, *, #1607, .T. ) ;
#3053 = PLANE ( 'NONE',  #484 ) ;
#3054 = ITEM_DEFINED_TRANSFORMATION ( 'NONE', 'NONE', #1095,  #2087 ) ;
#3055 = VECTOR ( 'NONE', #1877, 1000.000000000000000 ) ;
#3056 = CARTESIAN_POINT ( 'NONE',  ( -1.066799999999999971, 2.006599999999999717, -0.8381999999999999451 ) ) ;
#3057 = VERTEX_POINT ( 'NONE', #1444 ) ;
#3058 = AXIS2_PLACEMENT_3D ( 'NONE', #2736, #2246, #3355 ) ;
#3059 = EDGE_LOOP ( 'NONE', ( #2801, #3606, #657, #966 ) ) ;
#3060 = DIRECTION ( 'NONE',  ( -1.000000000000000000, 0.000000000000000000, -4.474122355134083266E-15 ) ) ;
#3061 = VECTOR ( 'NONE', #295, 1000.000000000000000 ) ;
#3062 = DIRECTION ( 'NONE',  ( 1.000000000000000000, -0.000000000000000000, 0.000000000000000000 ) ) ;
#3063 = EDGE_LOOP ( 'NONE', ( #2135, #200, #2210, #1492 ) ) ;
#3064 = DIRECTION ( 'NONE',  ( 0.000000000000000000, -2.439149994343092652E-16, 1.000000000000000000 ) ) ;
#3065 = VERTEX_POINT ( 'NONE', #2895 ) ;
#3066 = DIRECTION ( 'NONE',  ( 1.000000000000000000, -0.000000000000000000, -0.000000000000000000 ) ) ;
#3067 = DIRECTION ( 'NONE',  ( -2.943801717310628434E-16, -0.000000000000000000, -1.000000000000000000 ) ) ;
#3068 = DIRECTION ( 'NONE',  ( 1.000000000000000000, 0.000000000000000000, -0.000000000000000000 ) ) ;
#3069 = ADVANCED_FACE ( 'NONE', ( #393 ), #2347, .F. ) ;
#3070 = CARTESIAN_POINT ( 'NONE',  ( 0.2032000000000000195, 0.000000000000000000, 0.000000000000000000 ) ) ;
#3071 = ORIENTED_EDGE ( 'NONE', *, *, #27, .T. ) ;
#3072 = CARTESIAN_POINT ( 'NONE',  ( 1.066800000000000193, 1.016000000000000014, -0.4318000000000000171 ) ) ;
#3073 = CONTEXT_DEPENDENT_SHAPE_REPRESENTATION ( #1675, #2911 ) ;
#3074 = EDGE_CURVE ( 'NONE', #2417, #3111, #1166, .T. ) ;
#3075 = CARTESIAN_POINT ( 'NONE',  ( -0.2032000000000000195, -1.212151497188758288E-17, -0.2031999999999992146 ) ) ;
#3076 = ORIENTED_EDGE ( 'NONE', *, *, #3241, .F. ) ;
#3077 = ORIENTED_EDGE ( 'NONE', *, *, #3394, .F. ) ;
#3078 = DIRECTION ( 'NONE',  ( 0.000000000000000000, -0.000000000000000000, 1.000000000000000000 ) ) ;
#3079 = CARTESIAN_POINT ( 'NONE',  ( -0.2032000000000000195, 4.848605988755068279E-17, 0.2032000000000007134 ) ) ;
#3080 = EDGE_LOOP ( 'NONE', ( #3139, #3346, #647, #314 ) ) ;
#3081 = AXIS2_PLACEMENT_3D ( 'NONE', #3538, #746, #3525 ) ;
#3082 = DIRECTION ( 'NONE',  ( -1.000000000000000000, 0.000000000000000000, 0.000000000000000000 ) ) ;
#3083 = VERTEX_POINT ( 'NONE', #2006 ) ;
#3084 = DIRECTION ( 'NONE',  ( -1.000000000000000000, 0.000000000000000000, 0.000000000000000000 ) ) ;
#3085 = CARTESIAN_POINT ( 'NONE',  ( -1.676400000000000334, 1.016000000000000014, 1.701799999999999979 ) ) ;
#3086 = EDGE_CURVE ( 'NONE', #3254, #2817, #408, .T. ) ;
#3087 = VERTEX_POINT ( 'NONE', #1149 ) ;
#3088 = LINE ( 'NONE', #775, #370 ) ;
#3089 = ITEM_DEFINED_TRANSFORMATION ( 'NONE', 'NONE', #861,  #2087 ) ;
#3090 = AXIS2_PLACEMENT_3D ( 'NONE', #1578, #178, #3036 ) ;
#3091 = PRESENTATION_LAYER_ASSIGNMENT (  '', '', ( #1614 ) ) ;
#3092 = CARTESIAN_POINT ( 'NONE',  ( -0.4064000000000003165, 1.016000000000000014, -1.701799999999999757 ) ) ;
#3093 = ORIENTED_EDGE ( 'NONE', *, *, #1180, .T. ) ;
#3094 = AXIS2_PLACEMENT_3D ( 'NONE', #789, #845, #2812 ) ;
#3095 = ORIENTED_EDGE ( 'NONE', *, *, #2952, .F. ) ;
#3096 = CARTESIAN_POINT ( 'NONE',  ( -1.759603595553254518, 1.016000000000000014, -1.473199999999999621 ) ) ;
#3097 = EDGE_CURVE ( 'NONE', #2359, #103, #879, .T. ) ;
#3098 = CARTESIAN_POINT ( 'NONE',  ( 1.759603595553253408, 1.016000000000000014, -1.473200000000000065 ) ) ;
#3099 = ORIENTED_EDGE ( 'NONE', *, *, #756, .T. ) ;
#3100 = ORIENTED_EDGE ( 'NONE', *, *, #263, .F. ) ;
#3101 = PRODUCT_DEFINITION_CONTEXT ( 'detailed design', #2105, 'design' ) ;
#3102 = CARTESIAN_POINT ( 'NONE',  ( 1.759603595553253408, 1.016000000000000014, -1.473200000000000065 ) ) ;
#3103 = ORIENTED_EDGE ( 'NONE', *, *, #47, .T. ) ;
#3104 = DIRECTION ( 'NONE',  ( -1.000000000000000000, 0.000000000000000000, 0.000000000000000000 ) ) ;
#3105 = CARTESIAN_POINT ( 'NONE',  ( 0.2032000000000000195, -1.212151497188758288E-17, -0.2031999999999992146 ) ) ;
#3106 = CARTESIAN_POINT ( 'NONE',  ( 0.6349999999999996758, 2.006599999999999717, 1.473200000000000065 ) ) ;
#3107 = ORIENTED_EDGE ( 'NONE', *, *, #3240, .T. ) ;
#3108 = CARTESIAN_POINT ( 'NONE',  ( -0.2032000000000000195, 4.702563639696180376E-17, 0.2032000000000006856 ) ) ;
#3109 = AXIS2_PLACEMENT_3D ( 'NONE', #3602, #1329, #1931 ) ;
#3110 =( NAMED_UNIT ( * ) PLANE_ANGLE_UNIT ( ) SI_UNIT ( $, .RADIAN. ) );
#3111 = VERTEX_POINT ( 'NONE', #2383 ) ;
#3112 = ORIENTED_EDGE ( 'NONE', *, *, #2511, .F. ) ;
#3113 = VECTOR ( 'NONE', #3471, 1000.000000000000000 ) ;
#3114 = LINE ( 'NONE', #3096, #2464 ) ;
#3115 = LINE ( 'NONE', #49, #1038 ) ;
#3116 = VECTOR ( 'NONE', #279, 1000.000000000000000 ) ;
#3117 = EDGE_CURVE ( 'NONE', #2067, #3297, #3230, .T. ) ;
#3118 = ORIENTED_EDGE ( 'NONE', *, *, #1281, .F. ) ;
#3119 = CARTESIAN_POINT ( 'NONE',  ( 0.2032000000000000195, 1.455128952971953214E-17, -1.409699999999988185 ) ) ;
#3120 = ORIENTED_EDGE ( 'NONE', *, *, #3014, .T. ) ;
#3121 = DIRECTION ( 'NONE',  ( 0.9848077530122086864, -0.1736481776669272503, 0.000000000000000000 ) ) ;
#3122 = EDGE_CURVE ( 'NONE', #713, #1811, #2691, .T. ) ;
#3123 = LINE ( 'NONE', #3579, #55 ) ;
#3124 = CARTESIAN_POINT ( 'NONE',  ( -0.2032000000000000195, -0.000000000000000000, 0.000000000000000000 ) ) ;
#3125 = ORIENTED_EDGE ( 'NONE', *, *, #2896, .T. ) ;
#3126 = CARTESIAN_POINT ( 'NONE',  ( 0.2032000000000133977, 2.006599999999999717, 0.8382000000000000561 ) ) ;
#3127 = ADVANCED_FACE ( 'NONE', ( #444 ), #136, .T. ) ;
#3128 = PLANE ( 'NONE',  #212 ) ;
#3129 = ORIENTED_EDGE ( 'NONE', *, *, #2866, .T. ) ;
#3130 = EDGE_LOOP ( 'NONE', ( #176, #3278, #3600, #2666 ) ) ;
#3131 = DIRECTION ( 'NONE',  ( 0.000000000000000000, 0.000000000000000000, -1.000000000000000000 ) ) ;
#3132 = ADVANCED_FACE ( 'NONE', ( #1274 ), #1242, .F. ) ;
#3133 = CARTESIAN_POINT ( 'NONE',  ( -0.2032000000000000195, 0.000000000000000000, 0.000000000000000000 ) ) ;
#3134 = ORIENTED_EDGE ( 'NONE', *, *, #35, .F. ) ;
#3135 = LINE ( 'NONE', #1183, #1759 ) ;
#3136 = EDGE_CURVE ( 'NONE', #3065, #1218, #483, .T. ) ;
#3137 = ADVANCED_FACE ( 'NONE', ( #1554 ), #2421, .T. ) ;
#3138 = LINE ( 'NONE', #3119, #1673 ) ;
#3139 = ORIENTED_EDGE ( 'NONE', *, *, #844, .F. ) ;
#3140 = DIRECTION ( 'NONE',  ( 0.000000000000000000, 1.000000000000000000, 0.000000000000000000 ) ) ;
#3141 = VECTOR ( 'NONE', #1255, 999.9999999999998863 ) ;
#3142 = DIRECTION ( 'NONE',  ( -1.000000000000000000, 0.000000000000000000, -4.474122355134082477E-15 ) ) ;
#3143 = DIRECTION ( 'NONE',  ( 0.000000000000000000, 1.000000000000000000, 0.000000000000000000 ) ) ;
#3144 = EDGE_CURVE ( 'NONE', #294, #523, #2148, .T. ) ;
#3145 = VERTEX_POINT ( 'NONE', #3545 ) ;
#3146 = LINE ( 'NONE', #3108, #946 ) ;
#3147 =( LENGTH_UNIT ( ) NAMED_UNIT ( * ) SI_UNIT ( .MILLI., .METRE. ) );
#3148 = ORIENTED_EDGE ( 'NONE', *, *, #1591, .F. ) ;
#3149 = ORIENTED_EDGE ( 'NONE', *, *, #365, .T. ) ;
#3150 = FACE_BOUND ( 'NONE', #785, .T. ) ;
#3151 = AXIS2_PLACEMENT_3D ( 'NONE', #3216, #1560, #773 ) ;
#3152 = DIRECTION ( 'NONE',  ( 4.474122355134082477E-15, 0.000000000000000000, -1.000000000000000000 ) ) ;
#3153 = ORIENTED_EDGE ( 'NONE', *, *, #621, .F. ) ;
#3154 = DIRECTION ( 'NONE',  ( 0.000000000000000000, -1.000000000000000000, 2.386124994466068663E-16 ) ) ;
#3155 = LINE ( 'NONE', #389, #2557 ) ;
#3156 = VERTEX_POINT ( 'NONE', #1536 ) ;
#3157 = PLANE ( 'NONE',  #1007 ) ;
#3158 = FACE_OUTER_BOUND ( 'NONE', #1713, .T. ) ;
#3159 = DIRECTION ( 'NONE',  ( -1.000000000000000000, 0.000000000000000000, -2.667820306312756325E-16 ) ) ;
#3160 = ORIENTED_EDGE ( 'NONE', *, *, #388, .T. ) ;
#3161 = CARTESIAN_POINT ( 'NONE',  ( -0.2032000000000000195, 4.495799999999989360, 0.2031999999999996587 ) ) ;
#3162 = PRESENTATION_STYLE_ASSIGNMENT (( #140 ) ) ;
#3163 = ORIENTED_EDGE ( 'NONE', *, *, #761, .F. ) ;
#3164 = VERTEX_POINT ( 'NONE', #2095 ) ;
#3165 = DIRECTION ( 'NONE',  ( 1.000000000000000000, 0.000000000000000000, -2.667820306312751888E-16 ) ) ;
#3166 = DIRECTION ( 'NONE',  ( 0.000000000000000000, 1.000000000000000000, 0.000000000000000000 ) ) ;
#3167 = PRESENTATION_LAYER_ASSIGNMENT (  '', '', ( #2577 ) ) ;
#3168 = VECTOR ( 'NONE', #220, 1000.000000000000000 ) ;
#3169 = ORIENTED_EDGE ( 'NONE', *, *, #2742, .T. ) ;
#3170 = CARTESIAN_POINT ( 'NONE',  ( 0.1136258938000995339, 0.3168258938000994007, -1.917699999999999072 ) ) ;
#3171 = VECTOR ( 'NONE', #25, 999.9999999999998863 ) ;
#3172 = EDGE_CURVE ( 'NONE', #2380, #1056, #1040, .T. ) ;
#3173 = PLANE ( 'NONE',  #1259 ) ;
#3174 = VERTEX_POINT ( 'NONE', #2166 ) ;
#3175 = VECTOR ( 'NONE', #1014, 1000.000000000000000 ) ;
#3176 = FACE_OUTER_BOUND ( 'NONE', #702, .T. ) ;
#3177 = PLANE ( 'NONE',  #708 ) ;
#3178 = DIRECTION ( 'NONE',  ( -1.000000000000000000, -0.000000000000000000, -2.667820306312756325E-16 ) ) ;
#3179 = CARTESIAN_POINT ( 'NONE',  ( -0.4064000000000003165, 2.006599999999999717, -1.701799999999999757 ) ) ;
#3180 = PRODUCT ( 'Pin - Gold and Tin_RC', 'Pin - Gold and Tin_RC', '', ( #2463 ) ) ;
#3181 = DIRECTION ( 'NONE',  ( -0.000000000000000000, -0.000000000000000000, 1.000000000000000000 ) ) ;
#3182 = EDGE_CURVE ( 'NONE', #1811, #3474, #3262, .T. ) ;
#3183 = CARTESIAN_POINT ( 'NONE',  ( 1.473200000000000287, 1.016000000000000014, -0.4318000000000000171 ) ) ;
#3184 = EDGE_LOOP ( 'NONE', ( #1746, #2853, #882, #148 ) ) ;
#3185 = VERTEX_POINT ( 'NONE', #3517 ) ;
#3186 = ADVANCED_FACE ( 'NONE', ( #1587 ), #189, .F. ) ;
#3187 = CARTESIAN_POINT ( 'NONE',  ( 1.066800000000000193, 2.006599999999999717, -0.4318000000000000171 ) ) ;
#3188 = SURFACE_STYLE_FILL_AREA ( #981 ) ;
#3189 = FACE_OUTER_BOUND ( 'NONE', #830, .T. ) ;
#3190 = EDGE_CURVE ( 'NONE', #2162, #1533, #1605, .T. ) ;
#3191 = VERTEX_POINT ( 'NONE', #697 ) ;
#3192 = EDGE_CURVE ( 'NONE', #3111, #418, #1025, .T. ) ;
#3193 = DIRECTION ( 'NONE',  ( 0.000000000000000000, 1.000000000000000000, 0.000000000000000000 ) ) ;
#3194 = FACE_BOUND ( 'NONE', #1140, .T. ) ;
#3195 = ORIENTED_EDGE ( 'NONE', *, *, #2349, .F. ) ;
#3196 = FACE_OUTER_BOUND ( 'NONE', #2272, .T. ) ;
#3197 = FACE_OUTER_BOUND ( 'NONE', #2507, .T. ) ;
#3198 = CARTESIAN_POINT ( 'NONE',  ( 0.1136258938000996449, 5.003799999999999137, -0.2031999999999995199 ) ) ;
#3199 = LINE ( 'NONE', #991, #3560 ) ;
#3200 = CARTESIAN_POINT ( 'NONE',  ( -0.7803964044467467387, 2.006599999999999717, -1.473200000000000065 ) ) ;
#3201 = ORIENTED_EDGE ( 'NONE', *, *, #1784, .F. ) ;
#3202 = PLANE ( 'NONE',  #2645 ) ;
#3203 = LINE ( 'NONE', #2340, #1138 ) ;
#3204 = ORIENTED_EDGE ( 'NONE', *, *, #3182, .T. ) ;
#3205 = CARTESIAN_POINT ( 'NONE',  ( 1.676399999999999446, 1.016000000000000014, -1.701800000000000201 ) ) ;
#3206 = EDGE_CURVE ( 'NONE', #103, #2403, #2934, .T. ) ;
#3207 = AXIS2_PLACEMENT_3D ( 'NONE', #2045, #2880, #2607 ) ;
#3208 = ORIENTED_EDGE ( 'NONE', *, *, #1113, .F. ) ;
#3209 = VECTOR ( 'NONE', #614, 1000.000000000000000 ) ;
#3210 = CARTESIAN_POINT ( 'NONE',  ( 1.759603595553255406, 2.006599999999999717, 1.473199999999999843 ) ) ;
#3211 = DIRECTION ( 'NONE',  ( 0.000000000000000000, 0.000000000000000000, 1.000000000000000000 ) ) ;
#3212 = VECTOR ( 'NONE', #3166, 1000.000000000000000 ) ;
#3213 = DIRECTION ( 'NONE',  ( 0.000000000000000000, 0.000000000000000000, -1.000000000000000000 ) ) ;
#3214 = CARTESIAN_POINT ( 'NONE',  ( 0.2032000000000000195, 2.006599999999999717, 0.000000000000000000 ) ) ;
#3215 = SURFACE_STYLE_USAGE ( .BOTH. , #1296 ) ;
#3216 = CARTESIAN_POINT ( 'NONE',  ( 0.7803964044467451844, 1.016000000000000014, 1.473200000000000065 ) ) ;
#3217 = ORIENTED_EDGE ( 'NONE', *, *, #640, .T. ) ;
#3218 = LINE ( 'NONE', #724, #593 ) ;
#3219 = CARTESIAN_POINT ( 'NONE',  ( -0.2032000000000000195, 5.455953259963518337E-18, -0.5841999999999992754 ) ) ;
#3220 = ORIENTED_EDGE ( 'NONE', *, *, #1720, .F. ) ;
#3221 = CARTESIAN_POINT ( 'NONE',  ( 0.2032000000000000195, 2.006599999999999717, 0.000000000000000000 ) ) ;
#3222 = ADVANCED_FACE ( 'NONE', ( #1293 ), #2134, .F. ) ;
#3223 = COLOUR_RGB ( '',1.000000000000000000, 0.8117647058823529438, 0.5019607843137254832 ) ;
#3224 = VERTEX_POINT ( 'NONE', #2115 ) ;
#3225 = ADVANCED_FACE ( 'NONE', ( #1854 ), #2968, .T. ) ;
#3226 = VECTOR ( 'NONE', #3165, 1000.000000000000000 ) ;
#3227 = CARTESIAN_POINT ( 'NONE',  ( -1.759603595553254962, 2.006599999999999717, 1.473200000000000065 ) ) ;
#3228 = VECTOR ( 'NONE', #3446, 1000.000000000000000 ) ;
#3229 = DIRECTION ( 'NONE',  ( 0.000000000000000000, -1.000000000000000000, 7.714179198976647231E-17 ) ) ;
#3230 = LINE ( 'NONE', #2948, #570 ) ;
#3231 = VECTOR ( 'NONE', #1151, 1000.000000000000000 ) ;
#3232 = PLANE ( 'NONE',  #1756 ) ;
#3233 = AXIS2_PLACEMENT_3D ( 'NONE', #316, #376, #2829 ) ;
#3234 = DIRECTION ( 'NONE',  ( -1.000000000000000000, -0.000000000000000000, -0.000000000000000000 ) ) ;
#3235 = ORIENTED_EDGE ( 'NONE', *, *, #3500, .F. ) ;
#3236 = DIRECTION ( 'NONE',  ( 1.000000000000000000, 0.000000000000000000, -2.667820306312751888E-16 ) ) ;
#3237 = CARTESIAN_POINT ( 'NONE',  ( 0.2032000000000000195, 1.316545243165100409E-17, -1.409699999999988185 ) ) ;
#3238 = VERTEX_POINT ( 'NONE', #1978 ) ;
#3239 = FACE_OUTER_BOUND ( 'NONE', #1488, .T. ) ;
#3240 = EDGE_CURVE ( 'NONE', #3301, #1618, #3582, .T. ) ;
#3241 = EDGE_CURVE ( 'NONE', #1616, #896, #1624, .T. ) ;
#3242 = EDGE_CURVE ( 'NONE', #3432, #2921, #3561, .T. ) ;
#3243 = ORIENTED_EDGE ( 'NONE', *, *, #908, .T. ) ;
#3244 = CARTESIAN_POINT ( 'NONE',  ( 0.6349999999999996758, 1.016000000000000014, -1.473200000000000287 ) ) ;
#3245 = DIRECTION ( 'NONE',  ( -0.000000000000000000, 7.714179198976647231E-17, 1.000000000000000000 ) ) ;
#3246 = DIRECTION ( 'NONE',  ( -0.3420201433256692125, 0.000000000000000000, 0.9396926207859083169 ) ) ;
#3247 = ORIENTED_EDGE ( 'NONE', *, *, #740, .F. ) ;
#3248 = DIRECTION ( 'NONE',  ( 0.000000000000000000, 1.000000000000000000, 0.000000000000000000 ) ) ;
#3249 = DIRECTION ( 'NONE',  ( -0.3420201433256692125, 0.000000000000000000, 0.9396926207859083169 ) ) ;
#3250 = ORIENTED_EDGE ( 'NONE', *, *, #425, .F. ) ;
#3251 = DIRECTION ( 'NONE',  ( 0.000000000000000000, 0.000000000000000000, -1.000000000000000000 ) ) ;
#3252 = VECTOR ( 'NONE', #1384, 1000.000000000000000 ) ;
#3253 = DIRECTION ( 'NONE',  ( 1.000000000000000000, 0.000000000000000000, -0.000000000000000000 ) ) ;
#3254 = VERTEX_POINT ( 'NONE', #1115 ) ;
#3255 =( GEOMETRIC_REPRESENTATION_CONTEXT ( 3 ) GLOBAL_UNCERTAINTY_ASSIGNED_CONTEXT ( ( #482 ) ) GLOBAL_UNIT_ASSIGNED_CONTEXT ( ( #3584, #827, #2534 ) ) REPRESENTATION_CONTEXT ( 'NONE', 'WORKASPACE' ) );
#3256 = AXIS2_PLACEMENT_3D ( 'NONE', #2256, #1949, #2787 ) ;
#3257 = CARTESIAN_POINT ( 'NONE',  ( -0.4896035955532548334, 1.016000000000000014, 1.473200000000000065 ) ) ;
#3258 = VECTOR ( 'NONE', #374, 1000.000000000000000 ) ;
#3259 = ORIENTED_EDGE ( 'NONE', *, *, #2841, .F. ) ;
#3260 = LINE ( 'NONE', #752, #127 ) ;
#3261 = VECTOR ( 'NONE', #741, 1000.000000000000000 ) ;
#3262 = LINE ( 'NONE', #2673, #972 ) ;
#3263 = VECTOR ( 'NONE', #1102, 1000.000000000000000 ) ;
#3264 = ORIENTED_EDGE ( 'NONE', *, *, #1327, .T. ) ;
#3265 = PLANE ( 'NONE',  #3511 ) ;
#3266 = DIRECTION ( 'NONE',  ( 0.000000000000000000, -0.000000000000000000, 1.000000000000000000 ) ) ;
#3267 = EDGE_CURVE ( 'NONE', #1991, #578, #2453, .T. ) ;
#3268 = DIRECTION ( 'NONE',  ( 0.000000000000000000, 0.000000000000000000, 1.000000000000000000 ) ) ;
#3269 = EDGE_LOOP ( 'NONE', ( #921, #2121, #819, #1741 ) ) ;
#3270 = DIRECTION ( 'NONE',  ( 0.000000000000000000, 1.000000000000000000, 0.000000000000000000 ) ) ;
#3271 = DIRECTION ( 'NONE',  ( 0.000000000000000000, 0.000000000000000000, -1.000000000000000000 ) ) ;
#3272 = ORIENTED_EDGE ( 'NONE', *, *, #414, .T. ) ;
#3273 = DIRECTION ( 'NONE',  ( -0.3420201433256692125, 0.000000000000000000, 0.9396926207859083169 ) ) ;
#3274 = ORIENTED_EDGE ( 'NONE', *, *, #3043, .F. ) ;
#3275 = DIRECTION ( 'NONE',  ( 0.000000000000000000, 1.000000000000000000, 0.000000000000000000 ) ) ;
#3276 = ADVANCED_FACE ( 'NONE', ( #784 ), #1662, .T. ) ;
#3277 = DIRECTION ( 'NONE',  ( -1.000000000000000000, -0.000000000000000000, 5.335640612625515608E-16 ) ) ;
#3278 = ORIENTED_EDGE ( 'NONE', *, *, #1352, .F. ) ;
#3279 = VECTOR ( 'NONE', #153, 1000.000000000000000 ) ;
#3280 = VECTOR ( 'NONE', #2746, 1000.000000000000000 ) ;
#3281 = SURFACE_STYLE_USAGE ( .BOTH. , #2712 ) ;
#3282 = FACE_OUTER_BOUND ( 'NONE', #1621, .T. ) ;
#3283 = AXIS2_PLACEMENT_3D ( 'NONE', #2869, #3434, #632 ) ;
#3284 = CARTESIAN_POINT ( 'NONE',  ( 0.2032000000000000195, 0.4063999999999997059, 7.304098846218131956E-17 ) ) ;
#3285 = EDGE_LOOP ( 'NONE', ( #1382, #931, #2276, #1371 ) ) ;
#3286 = PLANE ( 'NONE',  #190 ) ;
#3287 = CARTESIAN_POINT ( 'NONE',  ( 1.270000000000004459, -2.097483175455093374E-18, 0.6350000000000007860 ) ) ;
#3288 = EDGE_CURVE ( 'NONE', #46, #1385, #1644, .T. ) ;
#3289 = CARTESIAN_POINT ( 'NONE',  ( 0.1136258938000996449, 5.003799999999999137, 0.1136258938000992841 ) ) ;
#3290 = EDGE_CURVE ( 'NONE', #2081, #1576, #2512, .T. ) ;
#3291 = ORIENTED_EDGE ( 'NONE', *, *, #339, .T. ) ;
#3292 = ORIENTED_EDGE ( 'NONE', *, *, #799, .T. ) ;
#3293 = LINE ( 'NONE', #1599, #2522 ) ;
#3294 = ORIENTED_EDGE ( 'NONE', *, *, #2684, .F. ) ;
#3295 = PLANE ( 'NONE',  #646 ) ;
#3296 = CARTESIAN_POINT ( 'NONE',  ( -0.2032000000000000195, 7.341191114092791373E-18, -0.7111999999999992772 ) ) ;
#3297 = VERTEX_POINT ( 'NONE', #584 ) ;
#3298 = CARTESIAN_POINT ( 'NONE',  ( 0.4064000000000012047, 1.016000000000000014, 1.701799999999999757 ) ) ;
#3299 = CARTESIAN_POINT ( 'NONE',  ( -0.2032000000000000195, 0.9143999999999996575, -0.7111999999999992772 ) ) ;
#3300 = CARTESIAN_POINT ( 'NONE',  ( 0.7803964044467456285, 1.016000000000000014, -1.473199999999999621 ) ) ;
#3301 = VERTEX_POINT ( 'NONE', #2770 ) ;
#3302 = CARTESIAN_POINT ( 'NONE',  ( -0.6350000000000003419, 1.016000000000000014, -1.473200000000000287 ) ) ;
#3303 =( NAMED_UNIT ( * ) PLANE_ANGLE_UNIT ( ) SI_UNIT ( $, .RADIAN. ) );
#3304 = DIRECTION ( 'NONE',  ( 0.000000000000000000, 1.000000000000000000, 0.000000000000000000 ) ) ;
#3305 = EDGE_CURVE ( 'NONE', #3224, #3490, #840, .T. ) ;
#3306 = ORIENTED_EDGE ( 'NONE', *, *, #2108, .F. ) ;
#3307 = ORIENTED_EDGE ( 'NONE', *, *, #2759, .T. ) ;
#3308 = LINE ( 'NONE', #1413, #1343 ) ;
#3309 = VECTOR ( 'NONE', #3064, 1000.000000000000000 ) ;
#3310 = VECTOR ( 'NONE', #125, 1000.000000000000000 ) ;
#3311 = LINE ( 'NONE', #442, #235 ) ;
#3312 = ORIENTED_EDGE ( 'NONE', *, *, #1044, .T. ) ;
#3313 = EDGE_CURVE ( 'NONE', #2561, #2051, #222, .T. ) ;
#3314 = DIRECTION ( 'NONE',  ( 1.000000000000000000, 0.000000000000000000, -0.000000000000000000 ) ) ;
#3315 = ORIENTED_EDGE ( 'NONE', *, *, #2365, .F. ) ;
#3316 = DIRECTION ( 'NONE',  ( 0.000000000000000000, 1.000000000000000000, 0.000000000000000000 ) ) ;
#3317 = LINE ( 'NONE', #1609, #596 ) ;
#3318 = DIRECTION ( 'NONE',  ( -1.000000000000000000, -0.000000000000000000, 5.335640612625515608E-16 ) ) ;
#3319 = CARTESIAN_POINT ( 'NONE',  ( -1.473200000000000065, 1.016000000000000014, -0.8382000000000000561 ) ) ;
#3320 = EDGE_LOOP ( 'NONE', ( #936, #1392, #2550, #1427 ) ) ;
#3321 = PLANE ( 'NONE',  #3460 ) ;
#3322 = EDGE_CURVE ( 'NONE', #2901, #2867, #3332, .T. ) ;
#3323 = CARTESIAN_POINT ( 'NONE',  ( -0.1162478227631560668, 0.08695217723684396660, -1.902830301939487212 ) ) ;
#3324 = VECTOR ( 'NONE', #3417, 1000.000000000000000 ) ;
#3325 = ORIENTED_EDGE ( 'NONE', *, *, #2219, .T. ) ;
#3326 = CARTESIAN_POINT ( 'NONE',  ( -0.2032000000000000195, 2.006599999999999717, -0.2031999999999992979 ) ) ;
#3327 = CARTESIAN_POINT ( 'NONE',  ( -0.4896035955532543893, 1.016000000000000014, -1.473199999999999621 ) ) ;
#3328 = VERTEX_POINT ( 'NONE', #859 ) ;
#3329 = ADVANCED_FACE ( 'NONE', ( #293 ), #240, .F. ) ;
#3330 = EDGE_CURVE ( 'NONE', #1304, #1344, #1962, .T. ) ;
#3331 = VECTOR ( 'NONE', #3516, 1000.000000000000000 ) ;
#3332 = LINE ( 'NONE', #14, #3596 ) ;
#3333 = VERTEX_POINT ( 'NONE', #3027 ) ;
#3334 = ADVANCED_FACE ( 'NONE', ( #1684 ), #2478, .F. ) ;
#3335 = FILL_AREA_STYLE_COLOUR ( '', #1458 ) ;
#3336 = CARTESIAN_POINT ( 'NONE',  ( -1.473199999999986742, 1.016000000000000014, 0.4317999999999999616 ) ) ;
#3337 = VECTOR ( 'NONE', #3475, 1000.000000000000000 ) ;
#3338 = ORIENTED_EDGE ( 'NONE', *, *, #621, .T. ) ;
#3339 = CARTESIAN_POINT ( 'NONE',  ( 0.2032000000000000195, 4.495799999999989360, 0.000000000000000000 ) ) ;
#3340 = VECTOR ( 'NONE', #744, 1000.000000000000000 ) ;
#3341 = LINE ( 'NONE', #2247, #1202 ) ;
#3342 = VECTOR ( 'NONE', #2846, 1000.000000000000000 ) ;
#3343 = ORIENTED_EDGE ( 'NONE', *, *, #740, .T. ) ;
#3344 = DIRECTION ( 'NONE',  ( -0.000000000000000000, 1.000000000000000000, 0.000000000000000000 ) ) ;
#3345 = DIRECTION ( 'NONE',  ( 4.474122355134082477E-15, 0.000000000000000000, -1.000000000000000000 ) ) ;
#3346 = ORIENTED_EDGE ( 'NONE', *, *, #624, .F. ) ;
#3347 = ADVANCED_FACE ( 'NONE', ( #257 ), #1130, .F. ) ;
#3348 = DIRECTION ( 'NONE',  ( -1.000000000000000000, -0.000000000000000000, 2.982748236756051040E-15 ) ) ;
#3349 = ORIENTED_EDGE ( 'NONE', *, *, #1431, .T. ) ;
#3350 = CARTESIAN_POINT ( 'NONE',  ( 0.2032000000000000195, 0.4063999999999999835, -1.409699999999988185 ) ) ;
#3351 = DIRECTION ( 'NONE',  ( 0.000000000000000000, 0.000000000000000000, -1.000000000000000000 ) ) ;
#3352 = CARTESIAN_POINT ( 'NONE',  ( -0.2032000000000000195, 2.006599999999999717, 0.000000000000000000 ) ) ;
#3353 = ORIENTED_EDGE ( 'NONE', *, *, #226, .T. ) ;
#3354 = ADVANCED_FACE ( 'NONE', ( #565 ), #822, .F. ) ;
#3355 = DIRECTION ( 'NONE',  ( 0.000000000000000000, 0.000000000000000000, -1.000000000000000000 ) ) ;
#3356 = DIRECTION ( 'NONE',  ( 0.000000000000000000, -1.000000000000000000, 5.965312486165171658E-17 ) ) ;
#3357 = ORIENTED_EDGE ( 'NONE', *, *, #2660, .T. ) ;
#3358 = ORIENTED_EDGE ( 'NONE', *, *, #1266, .T. ) ;
#3359 = LINE ( 'NONE', #1922, #1582 ) ;
#3360 = FACE_OUTER_BOUND ( 'NONE', #3610, .T. ) ;
#3361 = VERTEX_POINT ( 'NONE', #3366 ) ;
#3362 = VECTOR ( 'NONE', #3374, 1000.000000000000000 ) ;
#3363 = AXIS2_PLACEMENT_3D ( 'NONE', #2208, #3567, #3068 ) ;
#3364 = VECTOR ( 'NONE', #3530, 1000.000000000000000 ) ;
#3365 = VECTOR ( 'NONE', #3589, 1000.000000000000000 ) ;
#3366 = CARTESIAN_POINT ( 'NONE',  ( 0.6350000000000003419, 2.006599999999999717, 1.473199999999999843 ) ) ;
#3367 = EDGE_LOOP ( 'NONE', ( #558, #1728, #3358, #132 ) ) ;
#3368 = FACE_OUTER_BOUND ( 'NONE', #1161, .T. ) ;
#3369 = CARTESIAN_POINT ( 'NONE',  ( -0.4064000000000003165, 2.006599999999999717, -1.701799999999999757 ) ) ;
#3370 = CARTESIAN_POINT ( 'NONE',  ( -1.066799999999999971, 1.016000000000000014, -0.4318000000000000171 ) ) ;
#3371 = VERTEX_POINT ( 'NONE', #3296 ) ;
#3372 = CARTESIAN_POINT ( 'NONE',  ( 0.2032000000000000195, 0.9143999999999996575, -0.2031999999999992701 ) ) ;
#3373 = EDGE_CURVE ( 'NONE', #2813, #1418, #3138, .T. ) ;
#3374 = DIRECTION ( 'NONE',  ( 0.000000000000000000, 9.339187367277517199E-18, -1.000000000000000000 ) ) ;
#3375 = EDGE_LOOP ( 'NONE', ( #1808, #2301, #256, #2845 ) ) ;
#3376 = AXIS2_PLACEMENT_3D ( 'NONE', #378, #1189, #336 ) ;
#3377 = VERTEX_POINT ( 'NONE', #1776 ) ;
#3378 = LINE ( 'NONE', #870, #2874 ) ;
#3379 = PLANE ( 'NONE',  #1395 ) ;
#3380 = ORIENTED_EDGE ( 'NONE', *, *, #403, .F. ) ;
#3381 = DIRECTION ( 'NONE',  ( 0.000000000000000000, 0.000000000000000000, -1.000000000000000000 ) ) ;
#3382 = ORIENTED_EDGE ( 'NONE', *, *, #1225, .F. ) ;
#3383 = PRODUCT_RELATED_PRODUCT_CATEGORY ( 'part', '', ( #3404 ) ) ;
#3384 = DIRECTION ( 'NONE',  ( -1.000000000000000000, -0.000000000000000000, -0.000000000000000000 ) ) ;
#3385 = VECTOR ( 'NONE', #1254, 1000.000000000000000 ) ;
#3386 = DIRECTION ( 'NONE',  ( 0.9396926207859083169, -0.000000000000000000, 0.3420201433256691015 ) ) ;
#3387 = DIRECTION ( 'NONE',  ( 0.000000000000000000, 0.000000000000000000, -1.000000000000000000 ) ) ;
#3388 = CLOSED_SHELL ( 'NONE', ( #1008, #2957, #1379, #1264, #1888, #3137, #3510, #3225, #1396, #2100, #155, #1984, #3487, #2390, #3132, #1602, #182, #1337, #1059, #3222, #3347, #2370 ) ) ;
#3389 = EDGE_CURVE ( 'NONE', #1661, #2245, #2057, .T. ) ;
#3390 = VERTEX_POINT ( 'NONE', #895 ) ;
#3391 = CARTESIAN_POINT ( 'NONE',  ( -0.2031999999999999640, 1.016000000000000014, -0.8382000000000000561 ) ) ;
#3392 = EDGE_CURVE ( 'NONE', #2216, #1355, #1703, .T. ) ;
#3393 = VERTEX_POINT ( 'NONE', #602 ) ;
#3394 = EDGE_CURVE ( 'NONE', #3393, #2698, #1185, .T. ) ;
#3395 = ORIENTED_EDGE ( 'NONE', *, *, #3190, .F. ) ;
#3396 = VECTOR ( 'NONE', #1489, 1000.000000000000000 ) ;
#3397 = LINE ( 'NONE', #1178, #1705 ) ;
#3398 = CARTESIAN_POINT ( 'NONE',  ( -0.2032000000000000195, 4.495799999999989360, 0.2031999999999996309 ) ) ;
#3399 = VECTOR ( 'NONE', #3533, 1000.000000000000000 ) ;
#3400 = ORIENTED_EDGE ( 'NONE', *, *, #2106, .T. ) ;
#3401 = CARTESIAN_POINT ( 'NONE',  ( 0.2032000000000000195, 4.848605988755068279E-17, 0.2032000000000007134 ) ) ;
#3402 = AXIS2_PLACEMENT_3D ( 'NONE', #3299, #787, #1648 ) ;
#3403 = DIRECTION ( 'NONE',  ( -1.000000000000000000, -0.000000000000000000, -2.667820306312756325E-16 ) ) ;
#3404 = PRODUCT ( 'GRPB032VWQS-RC', 'GRPB032VWQS-RC', '', ( #1898 ) ) ;
#3405 = EDGE_LOOP ( 'NONE', ( #3217, #1529, #2363, #3160, #2540, #815, #510, #3006, #3024, #100, #1980, #1588 ) ) ;
#3406 = LINE ( 'NONE', #2878, #2005 ) ;
#3407 = APPLICATION_CONTEXT ( 'automotive_design' ) ;
#3408 = LINE ( 'NONE', #2879, #1573 ) ;
#3409 = CARTESIAN_POINT ( 'NONE',  ( 0.6349999999999996758, 1.016000000000000014, -1.473200000000000287 ) ) ;
#3410 = ORIENTED_EDGE ( 'NONE', *, *, #1270, .F. ) ;
#3411 = FACE_OUTER_BOUND ( 'NONE', #1896, .T. ) ;
#3412 = FILL_AREA_STYLE ('',( #2649 ) ) ;
#3413 = ORIENTED_EDGE ( 'NONE', *, *, #3192, .T. ) ;
#3414 = EDGE_LOOP ( 'NONE', ( #3562, #576, #2012, #8 ) ) ;
#3415 = CARTESIAN_POINT ( 'NONE',  ( 1.759603595553255406, 2.006599999999999717, 1.473199999999999843 ) ) ;
#3416 = EDGE_CURVE ( 'NONE', #2719, #2245, #1721, .T. ) ;
#3417 = DIRECTION ( 'NONE',  ( 0.000000000000000000, 1.000000000000000000, -5.965312486165171658E-17 ) ) ;
#3418 = ORIENTED_EDGE ( 'NONE', *, *, #583, .F. ) ;
#3419 = DIRECTION ( 'NONE',  ( 0.000000000000000000, 0.000000000000000000, -1.000000000000000000 ) ) ;
#3420 = CARTESIAN_POINT ( 'NONE',  ( 0.1136258938000996449, 5.003799999999999137, -0.2031999999999995199 ) ) ;
#3421 = EDGE_CURVE ( 'NONE', #2216, #3328, #2839, .T. ) ;
#3422 = COLOUR_RGB ( '',0.7921568627450980005, 0.8196078431372548767, 0.9333333333333333481 ) ;
#3423 = ORIENTED_EDGE ( 'NONE', *, *, #783, .F. ) ;
#3424 = LINE ( 'NONE', #1206, #424 ) ;
#3425 = VECTOR ( 'NONE', #2226, 1000.000000000000000 ) ;
#3426 = CARTESIAN_POINT ( 'NONE',  ( -1.473200000000000065, 2.006599999999999717, -0.4318000000000000171 ) ) ;
#3427 = PLANE ( 'NONE',  #3376 ) ;
#3428 = EDGE_LOOP ( 'NONE', ( #2302, #2653, #1710, #3553 ) ) ;
#3429 = LINE ( 'NONE', #3372, #2764 ) ;
#3430 = AXIS2_PLACEMENT_3D ( 'NONE', #2910, #1512, #968 ) ;
#3431 = DIRECTION ( 'NONE',  ( -1.000000000000000000, -0.000000000000000000, -2.667820306312756325E-16 ) ) ;
#3432 = VERTEX_POINT ( 'NONE', #1478 ) ;
#3433 = VERTEX_POINT ( 'NONE', #2327 ) ;
#3434 = DIRECTION ( 'NONE',  ( -0.000000000000000000, 1.000000000000000000, 0.000000000000000000 ) ) ;
#3435 = FILL_AREA_STYLE_COLOUR ( '', #3019 ) ;
#3436 =( GEOMETRIC_REPRESENTATION_CONTEXT ( 3 ) GLOBAL_UNCERTAINTY_ASSIGNED_CONTEXT ( ( #1869 ) ) GLOBAL_UNIT_ASSIGNED_CONTEXT ( ( #1448, #2883, #2353 ) ) REPRESENTATION_CONTEXT ( 'NONE', 'WORKASPACE' ) );
#3437 = EDGE_CURVE ( 'NONE', #1903, #375, #2075, .T. ) ;
#3438 = SHAPE_REPRESENTATION ( 'GRPB032VWQS-RC', ( #2975, #1095, #861, #2674, #750, #2505, #219, #1976 ), #112 ) ;
#3439 = DIRECTION ( 'NONE',  ( 0.000000000000000000, 1.000000000000000000, 0.000000000000000000 ) ) ;
#3440 = ORIENTED_EDGE ( 'NONE', *, *, #583, .T. ) ;
#3441 = DIRECTION ( 'NONE',  ( 0.000000000000000000, 1.000000000000000000, 0.000000000000000000 ) ) ;
#3442 = CARTESIAN_POINT ( 'NONE',  ( 0.2032000000000000195, 0.000000000000000000, 0.000000000000000000 ) ) ;
#3443 = ORIENTED_EDGE ( 'NONE', *, *, #3394, .T. ) ;
#3444 = ADVANCED_FACE ( 'NONE', ( #2563 ), #3173, .F. ) ;
#3445 = DIRECTION ( 'NONE',  ( 0.000000000000000000, 1.000000000000000000, 0.000000000000000000 ) ) ;
#3446 = DIRECTION ( 'NONE',  ( 0.000000000000000000, 0.000000000000000000, -1.000000000000000000 ) ) ;
#3447 = ADVANCED_FACE ( 'NONE', ( #915 ), #1456, .T. ) ;
#3448 = DIRECTION ( 'NONE',  ( 0.000000000000000000, 0.000000000000000000, 1.000000000000000000 ) ) ;
#3449 = VERTEX_POINT ( 'NONE', #2826 ) ;
#3450 = LINE ( 'NONE', #2048, #2411 ) ;
#3451 = FILL_AREA_STYLE_COLOUR ( '', #618 ) ;
#3452 = ORIENTED_EDGE ( 'NONE', *, *, #3182, .F. ) ;
#3453 = VERTEX_POINT ( 'NONE', #75 ) ;
#3454 = FACE_OUTER_BOUND ( 'NONE', #3375, .T. ) ;
#3455 = SURFACE_STYLE_USAGE ( .BOTH. , #2104 ) ;
#3456 = LINE ( 'NONE', #2632, #2857 ) ;
#3457 = VECTOR ( 'NONE', #1865, 1000.000000000000000 ) ;
#3458 = EDGE_LOOP ( 'NONE', ( #762, #970, #363, #2872 ) ) ;
#3459 = LINE ( 'NONE', #2074, #2286 ) ;
#3460 = AXIS2_PLACEMENT_3D ( 'NONE', #2518, #1613, #1967 ) ;
#3461 = PLANE ( 'NONE',  #1739 ) ;
#3462 = EDGE_LOOP ( 'NONE', ( #3400, #3243, #541, #2372 ) ) ;
#3463 = VECTOR ( 'NONE', #1897, 1000.000000000000000 ) ;
#3464 = LINE ( 'NONE', #674, #3280 ) ;
#3465 = DIRECTION ( 'NONE',  ( 1.000000000000000000, -0.000000000000000000, -0.000000000000000000 ) ) ;
#3466 = CARTESIAN_POINT ( 'NONE',  ( 0.2032000000000000195, 4.702563639696180376E-17, 0.2032000000000006856 ) ) ;
#3467 = PRODUCT_DEFINITION_SHAPE ( 'NONE', 'NONE',  #1874 ) ;
#3468 = SURFACE_SIDE_STYLE ('',( #2695 ) ) ;
#3469 = EDGE_CURVE ( 'NONE', #2036, #1625, #3155, .T. ) ;
#3470 = ORIENTED_EDGE ( 'NONE', *, *, #3022, .F. ) ;
#3471 = DIRECTION ( 'NONE',  ( 1.000000000000000000, 0.000000000000000000, -2.667820306312751888E-16 ) ) ;
#3472 = FILL_AREA_STYLE_COLOUR ( '', #3422 ) ;
#3473 = CARTESIAN_POINT ( 'NONE',  ( 0.8635999999999997012, 1.016000000000000014, 1.701799999999999979 ) ) ;
#3474 = VERTEX_POINT ( 'NONE', #331 ) ;
#3475 = DIRECTION ( 'NONE',  ( 0.000000000000000000, -1.000000000000000000, 2.314253759692994169E-16 ) ) ;
#3476 = FACE_OUTER_BOUND ( 'NONE', #45, .T. ) ;
#3477 = ORIENTED_EDGE ( 'NONE', *, *, #2969, .T. ) ;
#3478 = DIRECTION ( 'NONE',  ( 0.000000000000000000, -1.000000000000000000, -2.439149994343092652E-16 ) ) ;
#3479 = DIRECTION ( 'NONE',  ( -1.000000000000000000, 0.000000000000000000, -2.667820306312756325E-16 ) ) ;
#3480 = CARTESIAN_POINT ( 'NONE',  ( -0.4064000000000003165, 1.016000000000000014, 1.701799999999999979 ) ) ;
#3481 = CARTESIAN_POINT ( 'NONE',  ( 0.2032000000000000195, 4.495799999999989360, 0.000000000000000000 ) ) ;
#3482 = STYLED_ITEM ( 'NONE', ( #2053 ), #2470 ) ;
#3483 = LINE ( 'NONE', #1277, #3175 ) ;
#3484 = FACE_OUTER_BOUND ( 'NONE', #3042, .T. ) ;
#3485 = ORIENTED_EDGE ( 'NONE', *, *, #2044, .T. ) ;
#3486 = DIRECTION ( 'NONE',  ( 1.000000000000000000, -0.000000000000000000, 0.000000000000000000 ) ) ;
#3487 = ADVANCED_FACE ( 'NONE', ( #2271, #3194, #2891 ), #2343, .F. ) ;
#3488 = CARTESIAN_POINT ( 'NONE',  ( -0.6349999999999996758, 2.006599999999999717, 1.473199999999999843 ) ) ;
#3489 =( GEOMETRIC_REPRESENTATION_CONTEXT ( 3 ) GLOBAL_UNCERTAINTY_ASSIGNED_CONTEXT ( ( #1112 ) ) GLOBAL_UNIT_ASSIGNED_CONTEXT ( ( #2923, #143, #471 ) ) REPRESENTATION_CONTEXT ( 'NONE', 'WORKASPACE' ) );
#3490 = VERTEX_POINT ( 'NONE', #1204 ) ;
#3491 = LINE ( 'NONE', #1902, #242 ) ;
#3492 = PRODUCT_DEFINITION_SHAPE ( 'NONE', 'NONE',  #3617 ) ;
#3493 = EDGE_CURVE ( 'NONE', #1506, #207, #1145, .T. ) ;
#3494 = ORIENTED_EDGE ( 'NONE', *, *, #31, .T. ) ;
#3495 = DIRECTION ( 'NONE',  ( 1.000000000000000000, 0.000000000000000000, -2.943801717310627941E-16 ) ) ;
#3496 = CARTESIAN_POINT ( 'NONE',  ( 0.2032000000000000195, 2.006599999999999717, -0.2031999999999992979 ) ) ;
#3497 = CARTESIAN_POINT ( 'NONE',  ( 0.2032000000000000195, 1.316545243165100409E-17, -1.409699999999988185 ) ) ;
#3498 = PLANE ( 'NONE',  #3050 ) ;
#3499 = CARTESIAN_POINT ( 'NONE',  ( -0.2031999999999999640, 1.016000000000000014, -0.8382000000000000561 ) ) ;
#3500 = EDGE_CURVE ( 'NONE', #2940, #635, #1757, .T. ) ;
#3501 = ORIENTED_EDGE ( 'NONE', *, *, #27, .F. ) ;
#3502 = LINE ( 'NONE', #1282, #3340 ) ;
#3503 = APPLICATION_PROTOCOL_DEFINITION ( 'draft international standard', 'automotive_design', 1998, #2105 ) ;
#3504 = VECTOR ( 'NONE', #1736, 1000.000000000000000 ) ;
#3505 = EDGE_CURVE ( 'NONE', #2727, #2270, #2603, .T. ) ;
#3506 = PLANE ( 'NONE',  #3081 ) ;
#3507 = ADVANCED_FACE ( 'NONE', ( #1436 ), #3461, .T. ) ;
#3508 = ORIENTED_EDGE ( 'NONE', *, *, #1376, .T. ) ;
#3509 = LINE ( 'NONE', #458, #1162 ) ;
#3510 = ADVANCED_FACE ( 'NONE', ( #3476 ), #1794, .T. ) ;
#3511 = AXIS2_PLACEMENT_3D ( 'NONE', #1908, #2186, #786 ) ;
#3512 = ORIENTED_EDGE ( 'NONE', *, *, #1622, .T. ) ;
#3513 = VECTOR ( 'NONE', #1215, 1000.000000000000000 ) ;
#3514 = CARTESIAN_POINT ( 'NONE',  ( -0.2032000000000000195, -1.212151497188758288E-17, -0.2031999999999992146 ) ) ;
#3515 = UNCERTAINTY_MEASURE_WITH_UNIT (LENGTH_MEASURE( 1.000000000000000082E-05 ), #975, 'distance_accuracy_value', 'NONE');
#3516 = DIRECTION ( 'NONE',  ( 0.000000000000000000, 0.000000000000000000, 1.000000000000000000 ) ) ;
#3517 = CARTESIAN_POINT ( 'NONE',  ( -1.066799999999986648, 2.006599999999999717, 0.8382000000000000561 ) ) ;
#3518 =( GEOMETRIC_REPRESENTATION_CONTEXT ( 3 ) GLOBAL_UNCERTAINTY_ASSIGNED_CONTEXT ( ( #2131 ) ) GLOBAL_UNIT_ASSIGNED_CONTEXT ( ( #1540, #1873, #2920 ) ) REPRESENTATION_CONTEXT ( 'NONE', 'WORKASPACE' ) );
#3519 = ORIENTED_EDGE ( 'NONE', *, *, #2860, .T. ) ;
#3520 = CARTESIAN_POINT ( 'NONE',  ( 0.2032000000000000195, 4.495799999999989360, 0.2031999999999996587 ) ) ;
#3521 = DIRECTION ( 'NONE',  ( -1.000000000000000000, -0.000000000000000000, -0.000000000000000000 ) ) ;
#3522 = FACE_OUTER_BOUND ( 'NONE', #2818, .T. ) ;
#3523 = ORIENTED_EDGE ( 'NONE', *, *, #3546, .F. ) ;
#3524 = DIRECTION ( 'NONE',  ( -1.000000000000000000, -0.000000000000000000, 5.335640612625515608E-16 ) ) ;
#3525 = DIRECTION ( 'NONE',  ( 0.000000000000000000, 1.000000000000000000, -2.386124994466068663E-16 ) ) ;
#3526 = ORIENTED_EDGE ( 'NONE', *, *, #3240, .F. ) ;
#3527 = DIRECTION ( 'NONE',  ( 0.3420201433256709889, 0.000000000000000000, 0.9396926207859075397 ) ) ;
#3528 = VERTEX_POINT ( 'NONE', #2090 ) ;
#3529 = DIRECTION ( 'NONE',  ( 0.000000000000000000, -0.1736481776669272503, 0.9848077530122086864 ) ) ;
#3530 = DIRECTION ( 'NONE',  ( -1.000000000000000000, 0.000000000000000000, -4.474122355134083266E-15 ) ) ;
#3531 = ORIENTED_EDGE ( 'NONE', *, *, #451, .T. ) ;
#3532 = LINE ( 'NONE', #1856, #2171 ) ;
#3533 = DIRECTION ( 'NONE',  ( -2.943801717310628434E-16, -0.000000000000000000, -1.000000000000000000 ) ) ;
#3534 = LINE ( 'NONE', #1592, #1858 ) ;
#3535 = EDGE_LOOP ( 'NONE', ( #796, #3011, #3395, #2838 ) ) ;
#3536 = LINE ( 'NONE', #1594, #2526 ) ;
#3537 = CARTESIAN_POINT ( 'NONE',  ( 4.336808689942017736E-15, -2.097483175455093374E-18, 0.6350000000000007860 ) ) ;
#3538 = CARTESIAN_POINT ( 'NONE',  ( 0.2032000000000000195, 4.848605988755068279E-17, 0.2032000000000007134 ) ) ;
#3539 = VERTEX_POINT ( 'NONE', #404 ) ;
#3540 = EDGE_CURVE ( 'NONE', #2020, #2828, #671, .T. ) ;
#3541 = LINE ( 'NONE', #729, #1998 ) ;
#3542 = EDGE_CURVE ( 'NONE', #2583, #2359, #2035, .T. ) ;
#3543 = ORIENTED_EDGE ( 'NONE', *, *, #2862, .T. ) ;
#3544 = CARTESIAN_POINT ( 'NONE',  ( 0.2032000000000000195, 2.006599999999999717, -0.2031999999999992979 ) ) ;
#3545 = CARTESIAN_POINT ( 'NONE',  ( 1.676399999999999446, 2.006599999999999717, -1.701800000000000201 ) ) ;
#3546 = EDGE_CURVE ( 'NONE', #523, #2798, #1910, .T. ) ;
#3547 = ORIENTED_EDGE ( 'NONE', *, *, #1981, .T. ) ;
#3548 = CARTESIAN_POINT ( 'NONE',  ( -1.905000000000000471, 1.016000000000000014, -1.473200000000000287 ) ) ;
#3549 = LINE ( 'NONE', #3030, #887 ) ;
#3550 = AXIS2_PLACEMENT_3D ( 'NONE', #1110, #1509, #983 ) ;
#3551 = EDGE_CURVE ( 'NONE', #1785, #2541, #864, .T. ) ;
#3552 = DIRECTION ( 'NONE',  ( 0.000000000000000000, -0.000000000000000000, 1.000000000000000000 ) ) ;
#3553 = ORIENTED_EDGE ( 'NONE', *, *, #3043, .T. ) ;
#3554 = CARTESIAN_POINT ( 'NONE',  ( 1.676399999999999446, 2.006599999999999717, -1.701800000000000201 ) ) ;
#3555 = DIRECTION ( 'NONE',  ( 1.000000000000000000, 0.000000000000000000, 0.000000000000000000 ) ) ;
#3556 = ORIENTED_EDGE ( 'NONE', *, *, #3542, .F. ) ;
#3557 = FACE_OUTER_BOUND ( 'NONE', #2146, .T. ) ;
#3558 = ORIENTED_EDGE ( 'NONE', *, *, #1173, .T. ) ;
#3559 = DIRECTION ( 'NONE',  ( -1.000000000000000000, -0.000000000000000000, -0.000000000000000000 ) ) ;
#3560 = VECTOR ( 'NONE', #678, 1000.000000000000000 ) ;
#3561 = LINE ( 'NONE', #1400, #2960 ) ;
#3562 = ORIENTED_EDGE ( 'NONE', *, *, #682, .F. ) ;
#3563 = VECTOR ( 'NONE', #2681, 1000.000000000000000 ) ;
#3564 = FACE_OUTER_BOUND ( 'NONE', #203, .T. ) ;
#3565 = DIRECTION ( 'NONE',  ( 1.000000000000000000, 0.000000000000000000, 0.000000000000000000 ) ) ;
#3566 = EDGE_CURVE ( 'NONE', #942, #33, #3031, .T. ) ;
#3567 = DIRECTION ( 'NONE',  ( 0.000000000000000000, 0.000000000000000000, 1.000000000000000000 ) ) ;
#3568 = VECTOR ( 'NONE', #3067, 1000.000000000000000 ) ;
#3569 = CARTESIAN_POINT ( 'NONE',  ( -0.2031999999999999640, 2.006599999999999717, -0.4318000000000000171 ) ) ;
#3570 = VERTEX_POINT ( 'NONE', #2243 ) ;
#3571 = AXIS2_PLACEMENT_3D ( 'NONE', #2810, #1706, #34 ) ;
#3572 = LINE ( 'NONE', #2814, #1061 ) ;
#3573 = APPLICATION_PROTOCOL_DEFINITION ( 'draft international standard', 'automotive_design', 1998, #529 ) ;
#3574 = PLANE ( 'NONE',  #502 ) ;
#3575 = EDGE_CURVE ( 'NONE', #1423, #595, #2434, .T. ) ;
#3576 = ORIENTED_EDGE ( 'NONE', *, *, #263, .T. ) ;
#3577 = VERTEX_POINT ( 'NONE', #1610 ) ;
#3578 = DIRECTION ( 'NONE',  ( 0.000000000000000000, 1.032225972172778152E-17, -1.000000000000000000 ) ) ;
#3579 = CARTESIAN_POINT ( 'NONE',  ( -1.905000000000000471, 1.016000000000000014, -1.473200000000000287 ) ) ;
#3580 = EDGE_LOOP ( 'NONE', ( #2661, #3410, #2011, #835 ) ) ;
#3581 = CARTESIAN_POINT ( 'NONE',  ( 0.000000000000000000, 1.016000000000000014, 0.000000000000000000 ) ) ;
#3582 = LINE ( 'NONE', #275, #3309 ) ;
#3583 = ORIENTED_EDGE ( 'NONE', *, *, #1650, .T. ) ;
#3584 =( LENGTH_UNIT ( ) NAMED_UNIT ( * ) SI_UNIT ( .MILLI., .METRE. ) );
#3585 = DIRECTION ( 'NONE',  ( -0.3420201433256692125, 0.000000000000000000, 0.9396926207859083169 ) ) ;
#3586 = APPLICATION_CONTEXT ( 'automotive_design' ) ;
#3587 = VERTEX_POINT ( 'NONE', #1353 ) ;
#3588 = FACE_OUTER_BOUND ( 'NONE', #1023, .T. ) ;
#3589 = DIRECTION ( 'NONE',  ( 0.000000000000000000, 1.000000000000000000, 0.000000000000000000 ) ) ;
#3590 = ORIENTED_EDGE ( 'NONE', *, *, #1005, .F. ) ;
#3591 = EDGE_CURVE ( 'NONE', #1841, #3057, #2775, .T. ) ;
#3592 = ORIENTED_EDGE ( 'NONE', *, *, #794, .F. ) ;
#3593 = LINE ( 'NONE', #2251, #3171 ) ;
#3594 = ADVANCED_FACE ( 'NONE', ( #1405 ), #1368, .T. ) ;
#3595 = DIRECTION ( 'NONE',  ( -2.943801717310627941E-16, 0.000000000000000000, -1.000000000000000000 ) ) ;
#3596 = VECTOR ( 'NONE', #3348, 1000.000000000000000 ) ;
#3597 = VERTEX_POINT ( 'NONE', #2753 ) ;
#3598 = EDGE_CURVE ( 'NONE', #896, #24, #2482, .T. ) ;
#3599 = DIRECTION ( 'NONE',  ( 0.000000000000000000, 0.000000000000000000, 1.000000000000000000 ) ) ;
#3600 = ORIENTED_EDGE ( 'NONE', *, *, #1180, .F. ) ;
#3601 = VECTOR ( 'NONE', #3234, 1000.000000000000000 ) ;
#3602 = CARTESIAN_POINT ( 'NONE',  ( -0.2031999999999867246, 1.016000000000000014, 0.8382000000000000561 ) ) ;
#3603 =( NAMED_UNIT ( * ) SI_UNIT ( $, .STERADIAN. ) SOLID_ANGLE_UNIT ( ) );
#3604 = VECTOR ( 'NONE', #1387, 1000.000000000000000 ) ;
#3605 = CARTESIAN_POINT ( 'NONE',  ( -0.2032000000000000195, 2.006599999999999717, -0.2031999999999993256 ) ) ;
#3606 = ORIENTED_EDGE ( 'NONE', *, *, #2219, .F. ) ;
#3607 = DIRECTION ( 'NONE',  ( 1.000000000000000000, 0.000000000000000000, -0.000000000000000000 ) ) ;
#3608 = CARTESIAN_POINT ( 'NONE',  ( 1.473200000000013388, 1.016000000000000014, 0.8382000000000000561 ) ) ;
#3609 = EDGE_LOOP ( 'NONE', ( #1388, #857, #287, #1864 ) ) ;
#3610 = EDGE_LOOP ( 'NONE', ( #1777, #357, #1699, #3003 ) ) ;
#3611 = NEXT_ASSEMBLY_USAGE_OCCURRENCE ( 'NAUO1', ' ', ' ', #1712, #1874, $ ) ;
#3612 = NEXT_ASSEMBLY_USAGE_OCCURRENCE ( 'NAUO2', ' ', ' ', #1712, #2255, $ ) ;
#3613 = NEXT_ASSEMBLY_USAGE_OCCURRENCE ( 'NAUO3', ' ', ' ', #1712, #147, $ ) ;
#3614 = NEXT_ASSEMBLY_USAGE_OCCURRENCE ( 'NAUO4', ' ', ' ', #1712, #2255, $ ) ;
#3615 = NEXT_ASSEMBLY_USAGE_OCCURRENCE ( 'NAUO5', ' ', ' ', #1712, #2255, $ ) ;
#3616 = NEXT_ASSEMBLY_USAGE_OCCURRENCE ( 'NAUO6', ' ', ' ', #1712, #147, $ ) ;
#3617 = NEXT_ASSEMBLY_USAGE_OCCURRENCE ( 'NAUO7', ' ', ' ', #1712, #147, $ ) ;
ENDSEC;
END-ISO-10303-21;
